INSERT INTO metastore.pipeline_container (id, name, case_sensitive_name, description, fk_organisation_id) VALUES ('1570872', 'crash_pipeline', 'CRASH_PIPELINE', NULL, '1568338');
INSERT INTO metastore.pipeline_relation (id, name, case_sensitive_name, description, fk_pipeline_container_id) VALUES ('1570930', 'crash_person_collison', 'crash_person_collison', NULL, '1570872');
INSERT INTO metastore.pipeline_node (id, name, case_sensitive_name, description, fk_pipeline_relation_id, pipeline_type, sources) VALUES ('1571163', 'join_2', 'join_2', NULL, '1570930', 'JOIN', 'sqltable_crash,sqltable_person,sqltable_vehicle');
INSERT INTO metastore.pipeline_node (id, name, case_sensitive_name, description, fk_pipeline_relation_id, pipeline_type, sources) VALUES ('1571137', 'sqltable_vehicle', 'sqltable_vehicle', NULL, '1570930', 'SQLTable', NULL);
INSERT INTO metastore.pipeline_node (id, name, case_sensitive_name, description, fk_pipeline_relation_id, pipeline_type, sources) VALUES ('1571115', 'sqltable_person', 'sqltable_person', NULL, '1570930', 'SQLTable', NULL);
INSERT INTO metastore.pipeline_node (id, name, case_sensitive_name, description, fk_pipeline_relation_id, pipeline_type, sources) VALUES ('1571084', 'sqltable_crash', 'sqltable_crash', NULL, '1570930', 'SQLTable', NULL);
INSERT INTO metastore.pipeline_sqltable (id, source_tables, sql_query) VALUES ('1571115', NULL, 'select * from NY_VEHICLE_COLLISIONS.person');
INSERT INTO metastore.pipeline_sqltable (id, source_tables, sql_query) VALUES ('1571084', NULL, 'select * from NY_VEHICLE_COLLISIONS.crash');
INSERT INTO metastore.pipeline_sqltable (id, source_tables, sql_query) VALUES ('1571137', NULL, 'select *
from NY_VEHICLE_COLLISIONS.vehicle');
INSERT INTO metastore.pipeline_join (id, join_tables, join_predicate, filter_expression, order_by) VALUES ('1571163', 'sqltable_crash,sqltable_person,sqltable_vehicle', '(sqltable_crash.collision_id(+) = sqltable_person.collision_id) AND (sqltable_crash.collision_id(+) = sqltable_vehicle.collision_id)', NULL, NULL);
INSERT INTO metastore.pipeline_node_schema (id, column_name, column_alias, data_type, sql_expression, fk_pipeline_node_id) VALUES ('1571136', 'NY_VEHICLE_COLLISIONS.person.person_sex', 'person_sex', '"string"', NULL, '1571115');
INSERT INTO metastore.pipeline_node_schema (id, column_name, column_alias, data_type, sql_expression, fk_pipeline_node_id) VALUES ('1571135', 'NY_VEHICLE_COLLISIONS.person.contributing_factor_2', 'contributing_factor_2', '"string"', NULL, '1571115');
INSERT INTO metastore.pipeline_node_schema (id, column_name, column_alias, data_type, sql_expression, fk_pipeline_node_id) VALUES ('1571134', 'NY_VEHICLE_COLLISIONS.person.contributing_factor_1', 'contributing_factor_1', '"string"', NULL, '1571115');
INSERT INTO metastore.pipeline_node_schema (id, column_name, column_alias, data_type, sql_expression, fk_pipeline_node_id) VALUES ('1571133', 'NY_VEHICLE_COLLISIONS.person.ped_role', 'ped_role', '"string"', NULL, '1571115');
INSERT INTO metastore.pipeline_node_schema (id, column_name, column_alias, data_type, sql_expression, fk_pipeline_node_id) VALUES ('1571132', 'NY_VEHICLE_COLLISIONS.person.complaint', 'complaint', '"string"', NULL, '1571115');
INSERT INTO metastore.pipeline_node_schema (id, column_name, column_alias, data_type, sql_expression, fk_pipeline_node_id) VALUES ('1571131', 'NY_VEHICLE_COLLISIONS.person.ped_action', 'ped_action', '"string"', NULL, '1571115');
INSERT INTO metastore.pipeline_node_schema (id, column_name, column_alias, data_type, sql_expression, fk_pipeline_node_id) VALUES ('1571130', 'NY_VEHICLE_COLLISIONS.person.ped_location', 'ped_location', '"string"', NULL, '1571115');
INSERT INTO metastore.pipeline_node_schema (id, column_name, column_alias, data_type, sql_expression, fk_pipeline_node_id) VALUES ('1571129', 'NY_VEHICLE_COLLISIONS.person.safety_equipment', 'safety_equipment', '"string"', NULL, '1571115');
INSERT INTO metastore.pipeline_node_schema (id, column_name, column_alias, data_type, sql_expression, fk_pipeline_node_id) VALUES ('1571128', 'NY_VEHICLE_COLLISIONS.person.position_in_vehicle', 'position_in_vehicle', '"string"', NULL, '1571115');
INSERT INTO metastore.pipeline_node_schema (id, column_name, column_alias, data_type, sql_expression, fk_pipeline_node_id) VALUES ('1571127', 'NY_VEHICLE_COLLISIONS.person.bodily_injury', 'bodily_injury', '"string"', NULL, '1571115');
INSERT INTO metastore.pipeline_node_schema (id, column_name, column_alias, data_type, sql_expression, fk_pipeline_node_id) VALUES ('1571126', 'NY_VEHICLE_COLLISIONS.person.emotional_status', 'emotional_status', '"string"', NULL, '1571115');
INSERT INTO metastore.pipeline_node_schema (id, column_name, column_alias, data_type, sql_expression, fk_pipeline_node_id) VALUES ('1571125', 'NY_VEHICLE_COLLISIONS.person.ejection', 'ejection', '"string"', NULL, '1571115');
INSERT INTO metastore.pipeline_node_schema (id, column_name, column_alias, data_type, sql_expression, fk_pipeline_node_id) VALUES ('1571124', 'NY_VEHICLE_COLLISIONS.person.person_age', 'person_age', '"integer"', NULL, '1571115');
INSERT INTO metastore.pipeline_node_schema (id, column_name, column_alias, data_type, sql_expression, fk_pipeline_node_id) VALUES ('1571123', 'NY_VEHICLE_COLLISIONS.person.vehicle_id', 'vehicle_id', '"string"', NULL, '1571115');
INSERT INTO metastore.pipeline_node_schema (id, column_name, column_alias, data_type, sql_expression, fk_pipeline_node_id) VALUES ('1571122', 'NY_VEHICLE_COLLISIONS.person.person_injury', 'person_injury', '"string"', NULL, '1571115');
INSERT INTO metastore.pipeline_node_schema (id, column_name, column_alias, data_type, sql_expression, fk_pipeline_node_id) VALUES ('1571121', 'NY_VEHICLE_COLLISIONS.person.person_type', 'person_type', '"string"', NULL, '1571115');
INSERT INTO metastore.pipeline_node_schema (id, column_name, column_alias, data_type, sql_expression, fk_pipeline_node_id) VALUES ('1571120', 'NY_VEHICLE_COLLISIONS.person.person_id', 'person_id', '"string"', NULL, '1571115');
INSERT INTO metastore.pipeline_node_schema (id, column_name, column_alias, data_type, sql_expression, fk_pipeline_node_id) VALUES ('1571119', 'NY_VEHICLE_COLLISIONS.person.crash_time', 'crash_time', '"timestamp"', NULL, '1571115');
INSERT INTO metastore.pipeline_node_schema (id, column_name, column_alias, data_type, sql_expression, fk_pipeline_node_id) VALUES ('1571118', 'NY_VEHICLE_COLLISIONS.person.crash_date', 'crash_date', '"date"', NULL, '1571115');
INSERT INTO metastore.pipeline_node_schema (id, column_name, column_alias, data_type, sql_expression, fk_pipeline_node_id) VALUES ('1571117', 'NY_VEHICLE_COLLISIONS.person.collision_id', 'collision_id', '"integer"', NULL, '1571115');
INSERT INTO metastore.pipeline_node_schema (id, column_name, column_alias, data_type, sql_expression, fk_pipeline_node_id) VALUES ('1571116', 'NY_VEHICLE_COLLISIONS.person.unique_id', 'unique_id', '"integer"', NULL, '1571115');
INSERT INTO metastore.pipeline_node_schema (id, column_name, column_alias, data_type, sql_expression, fk_pipeline_node_id) VALUES ('1571114', 'NY_VEHICLE_COLLISIONS.crash.foo', 'foo', '"string"', NULL, '1571084');
INSERT INTO metastore.pipeline_node_schema (id, column_name, column_alias, data_type, sql_expression, fk_pipeline_node_id) VALUES ('1571113', 'NY_VEHICLE_COLLISIONS.crash.vehicle_type_code_5', 'vehicle_type_code_5', '"string"', NULL, '1571084');
INSERT INTO metastore.pipeline_node_schema (id, column_name, column_alias, data_type, sql_expression, fk_pipeline_node_id) VALUES ('1571112', 'NY_VEHICLE_COLLISIONS.crash.vehicle_type_code_4', 'vehicle_type_code_4', '"string"', NULL, '1571084');
INSERT INTO metastore.pipeline_node_schema (id, column_name, column_alias, data_type, sql_expression, fk_pipeline_node_id) VALUES ('1571111', 'NY_VEHICLE_COLLISIONS.crash.vehicle_type_code_3', 'vehicle_type_code_3', '"string"', NULL, '1571084');
INSERT INTO metastore.pipeline_node_schema (id, column_name, column_alias, data_type, sql_expression, fk_pipeline_node_id) VALUES ('1571110', 'NY_VEHICLE_COLLISIONS.crash.vehicle_type_code_2', 'vehicle_type_code_2', '"string"', NULL, '1571084');
INSERT INTO metastore.pipeline_node_schema (id, column_name, column_alias, data_type, sql_expression, fk_pipeline_node_id) VALUES ('1571109', 'NY_VEHICLE_COLLISIONS.crash.vehicle_type_code_1', 'vehicle_type_code_1', '"string"', NULL, '1571084');
INSERT INTO metastore.pipeline_node_schema (id, column_name, column_alias, data_type, sql_expression, fk_pipeline_node_id) VALUES ('1571108', 'NY_VEHICLE_COLLISIONS.crash.collision_id', 'collision_id', '"integer"', NULL, '1571084');
INSERT INTO metastore.pipeline_node_schema (id, column_name, column_alias, data_type, sql_expression, fk_pipeline_node_id) VALUES ('1571107', 'NY_VEHICLE_COLLISIONS.crash.contributing_factor_vehicle_5', 'contributing_factor_vehicle_5', '"string"', NULL, '1571084');
INSERT INTO metastore.pipeline_node_schema (id, column_name, column_alias, data_type, sql_expression, fk_pipeline_node_id) VALUES ('1571106', 'NY_VEHICLE_COLLISIONS.crash.contributing_factor_vehicle_4', 'contributing_factor_vehicle_4', '"string"', NULL, '1571084');
INSERT INTO metastore.pipeline_node_schema (id, column_name, column_alias, data_type, sql_expression, fk_pipeline_node_id) VALUES ('1571105', 'NY_VEHICLE_COLLISIONS.crash.contributing_factor_vehicle_3', 'contributing_factor_vehicle_3', '"string"', NULL, '1571084');
INSERT INTO metastore.pipeline_node_schema (id, column_name, column_alias, data_type, sql_expression, fk_pipeline_node_id) VALUES ('1571104', 'NY_VEHICLE_COLLISIONS.crash.contributing_factor_vehicle_2', 'contributing_factor_vehicle_2', '"string"', NULL, '1571084');
INSERT INTO metastore.pipeline_node_schema (id, column_name, column_alias, data_type, sql_expression, fk_pipeline_node_id) VALUES ('1571103', 'NY_VEHICLE_COLLISIONS.crash.contributing_factor_vehicle_1', 'contributing_factor_vehicle_1', '"string"', NULL, '1571084');
INSERT INTO metastore.pipeline_node_schema (id, column_name, column_alias, data_type, sql_expression, fk_pipeline_node_id) VALUES ('1571102', 'NY_VEHICLE_COLLISIONS.crash.number_of_motorist_killed', 'number_of_motorist_killed', '"integer"', NULL, '1571084');
INSERT INTO metastore.pipeline_node_schema (id, column_name, column_alias, data_type, sql_expression, fk_pipeline_node_id) VALUES ('1571101', 'NY_VEHICLE_COLLISIONS.crash.number_of_motorist_injured', 'number_of_motorist_injured', '"integer"', NULL, '1571084');
INSERT INTO metastore.pipeline_node_schema (id, column_name, column_alias, data_type, sql_expression, fk_pipeline_node_id) VALUES ('1571100', 'NY_VEHICLE_COLLISIONS.crash.number_of_cyclist_killed', 'number_of_cyclist_killed', '"integer"', NULL, '1571084');
INSERT INTO metastore.pipeline_node_schema (id, column_name, column_alias, data_type, sql_expression, fk_pipeline_node_id) VALUES ('1571099', 'NY_VEHICLE_COLLISIONS.crash.number_of_cyclist_injured', 'number_of_cyclist_injured', '"integer"', NULL, '1571084');
INSERT INTO metastore.pipeline_node_schema (id, column_name, column_alias, data_type, sql_expression, fk_pipeline_node_id) VALUES ('1571098', 'NY_VEHICLE_COLLISIONS.crash.number_of_pedestrians_killed', 'number_of_pedestrians_killed', '"integer"', NULL, '1571084');
INSERT INTO metastore.pipeline_node_schema (id, column_name, column_alias, data_type, sql_expression, fk_pipeline_node_id) VALUES ('1571097', 'NY_VEHICLE_COLLISIONS.crash.number_of_pedestrians_injured', 'number_of_pedestrians_injured', '"integer"', NULL, '1571084');
INSERT INTO metastore.pipeline_node_schema (id, column_name, column_alias, data_type, sql_expression, fk_pipeline_node_id) VALUES ('1571096', 'NY_VEHICLE_COLLISIONS.crash.number_of_persons_killed', 'number_of_persons_killed', '"integer"', NULL, '1571084');
INSERT INTO metastore.pipeline_node_schema (id, column_name, column_alias, data_type, sql_expression, fk_pipeline_node_id) VALUES ('1571095', 'NY_VEHICLE_COLLISIONS.crash.number_of_persons_injured', 'number_of_persons_injured', '"integer"', NULL, '1571084');
INSERT INTO metastore.pipeline_node_schema (id, column_name, column_alias, data_type, sql_expression, fk_pipeline_node_id) VALUES ('1571094', 'NY_VEHICLE_COLLISIONS.crash.off_street_name', 'off_street_name', '"string"', NULL, '1571084');
INSERT INTO metastore.pipeline_node_schema (id, column_name, column_alias, data_type, sql_expression, fk_pipeline_node_id) VALUES ('1571093', 'NY_VEHICLE_COLLISIONS.crash.cross_street_name', 'cross_street_name', '"string"', NULL, '1571084');
INSERT INTO metastore.pipeline_node_schema (id, column_name, column_alias, data_type, sql_expression, fk_pipeline_node_id) VALUES ('1571092', 'NY_VEHICLE_COLLISIONS.crash.on_street_name', 'on_street_name', '"string"', NULL, '1571084');
INSERT INTO metastore.pipeline_node_schema (id, column_name, column_alias, data_type, sql_expression, fk_pipeline_node_id) VALUES ('1571091', 'NY_VEHICLE_COLLISIONS.crash.location', 'location', '"string"', NULL, '1571084');
INSERT INTO metastore.pipeline_node_schema (id, column_name, column_alias, data_type, sql_expression, fk_pipeline_node_id) VALUES ('1571090', 'NY_VEHICLE_COLLISIONS.crash.longitude', 'longitude', '"decimal(38,18)"', NULL, '1571084');
INSERT INTO metastore.pipeline_node_schema (id, column_name, column_alias, data_type, sql_expression, fk_pipeline_node_id) VALUES ('1571089', 'NY_VEHICLE_COLLISIONS.crash.latitude', 'latitude', '"decimal(38,18)"', NULL, '1571084');
INSERT INTO metastore.pipeline_node_schema (id, column_name, column_alias, data_type, sql_expression, fk_pipeline_node_id) VALUES ('1571088', 'NY_VEHICLE_COLLISIONS.crash.zip_code', 'zip_code', '"string"', NULL, '1571084');
INSERT INTO metastore.pipeline_node_schema (id, column_name, column_alias, data_type, sql_expression, fk_pipeline_node_id) VALUES ('1571087', 'NY_VEHICLE_COLLISIONS.crash.borough', 'borough', '"string"', NULL, '1571084');
INSERT INTO metastore.pipeline_node_schema (id, column_name, column_alias, data_type, sql_expression, fk_pipeline_node_id) VALUES ('1571086', 'NY_VEHICLE_COLLISIONS.crash.crash_time', 'crash_time', '"timestamp"', NULL, '1571084');
INSERT INTO metastore.pipeline_node_schema (id, column_name, column_alias, data_type, sql_expression, fk_pipeline_node_id) VALUES ('1571085', 'NY_VEHICLE_COLLISIONS.crash.crash_date', 'crash_date', '"date"', NULL, '1571084');
INSERT INTO metastore.pipeline_node_schema (id, column_name, column_alias, data_type, sql_expression, fk_pipeline_node_id) VALUES ('1571162', 'NY_VEHICLE_COLLISIONS.vehicle.public_property_damage_type', 'public_property_damage_type', '"string"', NULL, '1571137');
INSERT INTO metastore.pipeline_node_schema (id, column_name, column_alias, data_type, sql_expression, fk_pipeline_node_id) VALUES ('1571161', 'NY_VEHICLE_COLLISIONS.vehicle.vehicle_model', 'vehicle_model', '"string"', NULL, '1571137');
INSERT INTO metastore.pipeline_node_schema (id, column_name, column_alias, data_type, sql_expression, fk_pipeline_node_id) VALUES ('1571160', 'NY_VEHICLE_COLLISIONS.vehicle.vehicle_damage_3', 'vehicle_damage_3', '"string"', NULL, '1571137');
INSERT INTO metastore.pipeline_node_schema (id, column_name, column_alias, data_type, sql_expression, fk_pipeline_node_id) VALUES ('1571159', 'NY_VEHICLE_COLLISIONS.vehicle.vehicle_damage_2', 'vehicle_damage_2', '"string"', NULL, '1571137');
INSERT INTO metastore.pipeline_node_schema (id, column_name, column_alias, data_type, sql_expression, fk_pipeline_node_id) VALUES ('1571158', 'NY_VEHICLE_COLLISIONS.vehicle.vehicle_damage_1', 'vehicle_damage_1', '"string"', NULL, '1571137');
INSERT INTO metastore.pipeline_node_schema (id, column_name, column_alias, data_type, sql_expression, fk_pipeline_node_id) VALUES ('1571157', 'NY_VEHICLE_COLLISIONS.vehicle.contributing_factor_2', 'contributing_factor_2', '"string"', NULL, '1571137');
INSERT INTO metastore.pipeline_node_schema (id, column_name, column_alias, data_type, sql_expression, fk_pipeline_node_id) VALUES ('1571156', 'NY_VEHICLE_COLLISIONS.vehicle.public_property_damage', 'public_property_damage', '"string"', NULL, '1571137');
INSERT INTO metastore.pipeline_node_schema (id, column_name, column_alias, data_type, sql_expression, fk_pipeline_node_id) VALUES ('1571155', 'NY_VEHICLE_COLLISIONS.vehicle.vehicle_damage', 'vehicle_damage', '"string"', NULL, '1571137');
INSERT INTO metastore.pipeline_node_schema (id, column_name, column_alias, data_type, sql_expression, fk_pipeline_node_id) VALUES ('1571154', 'NY_VEHICLE_COLLISIONS.vehicle.point_of_impact', 'point_of_impact', '"string"', NULL, '1571137');
INSERT INTO metastore.pipeline_node_schema (id, column_name, column_alias, data_type, sql_expression, fk_pipeline_node_id) VALUES ('1571153', 'NY_VEHICLE_COLLISIONS.vehicle.pre_crash', 'pre_crash', '"string"', NULL, '1571137');
INSERT INTO metastore.pipeline_node_schema (id, column_name, column_alias, data_type, sql_expression, fk_pipeline_node_id) VALUES ('1571152', 'NY_VEHICLE_COLLISIONS.vehicle.driver_license_jurisdiction', 'driver_license_jurisdiction', '"string"', NULL, '1571137');
INSERT INTO metastore.pipeline_node_schema (id, column_name, column_alias, data_type, sql_expression, fk_pipeline_node_id) VALUES ('1571151', 'NY_VEHICLE_COLLISIONS.vehicle.driver_license_status', 'driver_license_status', '"string"', NULL, '1571137');
INSERT INTO metastore.pipeline_node_schema (id, column_name, column_alias, data_type, sql_expression, fk_pipeline_node_id) VALUES ('1571150', 'NY_VEHICLE_COLLISIONS.vehicle.driver_sex', 'driver_sex', '"string"', NULL, '1571137');
INSERT INTO metastore.pipeline_node_schema (id, column_name, column_alias, data_type, sql_expression, fk_pipeline_node_id) VALUES ('1571149', 'NY_VEHICLE_COLLISIONS.vehicle.vehicle_occupants', 'vehicle_occupants', '"integer"', NULL, '1571137');
INSERT INTO metastore.pipeline_node_schema (id, column_name, column_alias, data_type, sql_expression, fk_pipeline_node_id) VALUES ('1571148', 'NY_VEHICLE_COLLISIONS.vehicle.travel_direction', 'travel_direction', '"string"', NULL, '1571137');
INSERT INTO metastore.pipeline_node_schema (id, column_name, column_alias, data_type, sql_expression, fk_pipeline_node_id) VALUES ('1571147', 'NY_VEHICLE_COLLISIONS.vehicle.vehicle_year', 'vehicle_year', '"integer"', NULL, '1571137');
INSERT INTO metastore.pipeline_node_schema (id, column_name, column_alias, data_type, sql_expression, fk_pipeline_node_id) VALUES ('1571146', 'NY_VEHICLE_COLLISIONS.vehicle.vehicle_make', 'vehicle_make', '"string"', NULL, '1571137');
INSERT INTO metastore.pipeline_node_schema (id, column_name, column_alias, data_type, sql_expression, fk_pipeline_node_id) VALUES ('1571145', 'NY_VEHICLE_COLLISIONS.vehicle.contributing_factor_1', 'contributing_factor_1', '"string"', NULL, '1571137');
INSERT INTO metastore.pipeline_node_schema (id, column_name, column_alias, data_type, sql_expression, fk_pipeline_node_id) VALUES ('1571144', 'NY_VEHICLE_COLLISIONS.vehicle.vehicle_type', 'vehicle_type', '"string"', NULL, '1571137');
INSERT INTO metastore.pipeline_node_schema (id, column_name, column_alias, data_type, sql_expression, fk_pipeline_node_id) VALUES ('1571143', 'NY_VEHICLE_COLLISIONS.vehicle.state_registration', 'state_registration', '"string"', NULL, '1571137');
INSERT INTO metastore.pipeline_node_schema (id, column_name, column_alias, data_type, sql_expression, fk_pipeline_node_id) VALUES ('1571142', 'NY_VEHICLE_COLLISIONS.vehicle.vehicle_id', 'vehicle_id', '"string"', NULL, '1571137');
INSERT INTO metastore.pipeline_node_schema (id, column_name, column_alias, data_type, sql_expression, fk_pipeline_node_id) VALUES ('1571141', 'NY_VEHICLE_COLLISIONS.vehicle.crash_time', 'crash_time', '"timestamp"', NULL, '1571137');
INSERT INTO metastore.pipeline_node_schema (id, column_name, column_alias, data_type, sql_expression, fk_pipeline_node_id) VALUES ('1571140', 'NY_VEHICLE_COLLISIONS.vehicle.crash_date', 'crash_date', '"date"', NULL, '1571137');
INSERT INTO metastore.pipeline_node_schema (id, column_name, column_alias, data_type, sql_expression, fk_pipeline_node_id) VALUES ('1571139', 'NY_VEHICLE_COLLISIONS.vehicle.collision_id', 'collision_id', '"integer"', NULL, '1571137');
INSERT INTO metastore.pipeline_node_schema (id, column_name, column_alias, data_type, sql_expression, fk_pipeline_node_id) VALUES ('1571138', 'NY_VEHICLE_COLLISIONS.vehicle.unique_id', 'unique_id', '"integer"', NULL, '1571137');
INSERT INTO metastore.pipeline_node_schema (id, column_name, column_alias, data_type, sql_expression, fk_pipeline_node_id) VALUES ('1571236', 'sqltable_vehicle.public_property_damage_type', 'sqltable_vehicle_public_property_damage_type', '"string"', NULL, '1571163');
INSERT INTO metastore.pipeline_node_schema (id, column_name, column_alias, data_type, sql_expression, fk_pipeline_node_id) VALUES ('1571235', 'sqltable_vehicle.vehicle_model', 'sqltable_vehicle_vehicle_model', '"string"', NULL, '1571163');
INSERT INTO metastore.pipeline_node_schema (id, column_name, column_alias, data_type, sql_expression, fk_pipeline_node_id) VALUES ('1571234', 'sqltable_vehicle.vehicle_damage_3', 'sqltable_vehicle_vehicle_damage_3', '"string"', NULL, '1571163');
INSERT INTO metastore.pipeline_node_schema (id, column_name, column_alias, data_type, sql_expression, fk_pipeline_node_id) VALUES ('1571233', 'sqltable_vehicle.vehicle_damage_2', 'sqltable_vehicle_vehicle_damage_2', '"string"', NULL, '1571163');
INSERT INTO metastore.pipeline_node_schema (id, column_name, column_alias, data_type, sql_expression, fk_pipeline_node_id) VALUES ('1571232', 'sqltable_vehicle.vehicle_damage_1', 'sqltable_vehicle_vehicle_damage_1', '"string"', NULL, '1571163');
INSERT INTO metastore.pipeline_node_schema (id, column_name, column_alias, data_type, sql_expression, fk_pipeline_node_id) VALUES ('1571231', 'sqltable_vehicle.contributing_factor_2', 'sqltable_vehicle_contributing_factor_2', '"string"', NULL, '1571163');
INSERT INTO metastore.pipeline_node_schema (id, column_name, column_alias, data_type, sql_expression, fk_pipeline_node_id) VALUES ('1571230', 'sqltable_vehicle.public_property_damage', 'sqltable_vehicle_public_property_damage', '"string"', NULL, '1571163');
INSERT INTO metastore.pipeline_node_schema (id, column_name, column_alias, data_type, sql_expression, fk_pipeline_node_id) VALUES ('1571229', 'sqltable_vehicle.vehicle_damage', 'sqltable_vehicle_vehicle_damage', '"string"', NULL, '1571163');
INSERT INTO metastore.pipeline_node_schema (id, column_name, column_alias, data_type, sql_expression, fk_pipeline_node_id) VALUES ('1571228', 'sqltable_vehicle.point_of_impact', 'sqltable_vehicle_point_of_impact', '"string"', NULL, '1571163');
INSERT INTO metastore.pipeline_node_schema (id, column_name, column_alias, data_type, sql_expression, fk_pipeline_node_id) VALUES ('1571227', 'sqltable_vehicle.pre_crash', 'sqltable_vehicle_pre_crash', '"string"', NULL, '1571163');
INSERT INTO metastore.pipeline_node_schema (id, column_name, column_alias, data_type, sql_expression, fk_pipeline_node_id) VALUES ('1571226', 'sqltable_vehicle.driver_license_jurisdiction', 'sqltable_vehicle_driver_license_jurisdiction', '"string"', NULL, '1571163');
INSERT INTO metastore.pipeline_node_schema (id, column_name, column_alias, data_type, sql_expression, fk_pipeline_node_id) VALUES ('1571225', 'sqltable_vehicle.driver_license_status', 'sqltable_vehicle_driver_license_status', '"string"', NULL, '1571163');
INSERT INTO metastore.pipeline_node_schema (id, column_name, column_alias, data_type, sql_expression, fk_pipeline_node_id) VALUES ('1571224', 'sqltable_vehicle.driver_sex', 'sqltable_vehicle_driver_sex', '"string"', NULL, '1571163');
INSERT INTO metastore.pipeline_node_schema (id, column_name, column_alias, data_type, sql_expression, fk_pipeline_node_id) VALUES ('1571223', 'sqltable_vehicle.vehicle_occupants', 'sqltable_vehicle_vehicle_occupants', '"integer"', NULL, '1571163');
INSERT INTO metastore.pipeline_node_schema (id, column_name, column_alias, data_type, sql_expression, fk_pipeline_node_id) VALUES ('1571222', 'sqltable_vehicle.travel_direction', 'sqltable_vehicle_travel_direction', '"string"', NULL, '1571163');
INSERT INTO metastore.pipeline_node_schema (id, column_name, column_alias, data_type, sql_expression, fk_pipeline_node_id) VALUES ('1571221', 'sqltable_vehicle.vehicle_year', 'sqltable_vehicle_vehicle_year', '"integer"', NULL, '1571163');
INSERT INTO metastore.pipeline_node_schema (id, column_name, column_alias, data_type, sql_expression, fk_pipeline_node_id) VALUES ('1571220', 'sqltable_vehicle.vehicle_make', 'sqltable_vehicle_vehicle_make', '"string"', NULL, '1571163');
INSERT INTO metastore.pipeline_node_schema (id, column_name, column_alias, data_type, sql_expression, fk_pipeline_node_id) VALUES ('1571219', 'sqltable_vehicle.contributing_factor_1', 'sqltable_vehicle_contributing_factor_1', '"string"', NULL, '1571163');
INSERT INTO metastore.pipeline_node_schema (id, column_name, column_alias, data_type, sql_expression, fk_pipeline_node_id) VALUES ('1571218', 'sqltable_vehicle.vehicle_type', 'sqltable_vehicle_vehicle_type', '"string"', NULL, '1571163');
INSERT INTO metastore.pipeline_node_schema (id, column_name, column_alias, data_type, sql_expression, fk_pipeline_node_id) VALUES ('1571217', 'sqltable_vehicle.state_registration', 'sqltable_vehicle_state_registration', '"string"', NULL, '1571163');
INSERT INTO metastore.pipeline_node_schema (id, column_name, column_alias, data_type, sql_expression, fk_pipeline_node_id) VALUES ('1571216', 'sqltable_vehicle.vehicle_id', 'sqltable_vehicle_vehicle_id', '"string"', NULL, '1571163');
INSERT INTO metastore.pipeline_node_schema (id, column_name, column_alias, data_type, sql_expression, fk_pipeline_node_id) VALUES ('1571215', 'sqltable_vehicle.crash_time', 'sqltable_vehicle_crash_time', '"timestamp"', NULL, '1571163');
INSERT INTO metastore.pipeline_node_schema (id, column_name, column_alias, data_type, sql_expression, fk_pipeline_node_id) VALUES ('1571214', 'sqltable_vehicle.crash_date', 'sqltable_vehicle_crash_date', '"date"', NULL, '1571163');
INSERT INTO metastore.pipeline_node_schema (id, column_name, column_alias, data_type, sql_expression, fk_pipeline_node_id) VALUES ('1571213', 'sqltable_vehicle.collision_id', 'sqltable_vehicle_collision_id', '"integer"', NULL, '1571163');
INSERT INTO metastore.pipeline_node_schema (id, column_name, column_alias, data_type, sql_expression, fk_pipeline_node_id) VALUES ('1571212', 'sqltable_vehicle.unique_id', 'sqltable_vehicle_unique_id', '"integer"', NULL, '1571163');
INSERT INTO metastore.pipeline_node_schema (id, column_name, column_alias, data_type, sql_expression, fk_pipeline_node_id) VALUES ('1571211', 'sqltable_person.person_sex', 'sqltable_person_person_sex', '"string"', NULL, '1571163');
INSERT INTO metastore.pipeline_node_schema (id, column_name, column_alias, data_type, sql_expression, fk_pipeline_node_id) VALUES ('1571210', 'sqltable_person.contributing_factor_2', 'sqltable_person_contributing_factor_2', '"string"', NULL, '1571163');
INSERT INTO metastore.pipeline_node_schema (id, column_name, column_alias, data_type, sql_expression, fk_pipeline_node_id) VALUES ('1571209', 'sqltable_person.contributing_factor_1', 'sqltable_person_contributing_factor_1', '"string"', NULL, '1571163');
INSERT INTO metastore.pipeline_node_schema (id, column_name, column_alias, data_type, sql_expression, fk_pipeline_node_id) VALUES ('1571208', 'sqltable_person.ped_role', 'sqltable_person_ped_role', '"string"', NULL, '1571163');
INSERT INTO metastore.pipeline_node_schema (id, column_name, column_alias, data_type, sql_expression, fk_pipeline_node_id) VALUES ('1571207', 'sqltable_person.complaint', 'sqltable_person_complaint', '"string"', NULL, '1571163');
INSERT INTO metastore.pipeline_node_schema (id, column_name, column_alias, data_type, sql_expression, fk_pipeline_node_id) VALUES ('1571206', 'sqltable_person.ped_action', 'sqltable_person_ped_action', '"string"', NULL, '1571163');
INSERT INTO metastore.pipeline_node_schema (id, column_name, column_alias, data_type, sql_expression, fk_pipeline_node_id) VALUES ('1571205', 'sqltable_person.ped_location', 'sqltable_person_ped_location', '"string"', NULL, '1571163');
INSERT INTO metastore.pipeline_node_schema (id, column_name, column_alias, data_type, sql_expression, fk_pipeline_node_id) VALUES ('1571204', 'sqltable_person.safety_equipment', 'sqltable_person_safety_equipment', '"string"', NULL, '1571163');
INSERT INTO metastore.pipeline_node_schema (id, column_name, column_alias, data_type, sql_expression, fk_pipeline_node_id) VALUES ('1571203', 'sqltable_person.position_in_vehicle', 'sqltable_person_position_in_vehicle', '"string"', NULL, '1571163');
INSERT INTO metastore.pipeline_node_schema (id, column_name, column_alias, data_type, sql_expression, fk_pipeline_node_id) VALUES ('1571202', 'sqltable_person.bodily_injury', 'sqltable_person_bodily_injury', '"string"', NULL, '1571163');
INSERT INTO metastore.pipeline_node_schema (id, column_name, column_alias, data_type, sql_expression, fk_pipeline_node_id) VALUES ('1571201', 'sqltable_person.emotional_status', 'sqltable_person_emotional_status', '"string"', NULL, '1571163');
INSERT INTO metastore.pipeline_node_schema (id, column_name, column_alias, data_type, sql_expression, fk_pipeline_node_id) VALUES ('1571200', 'sqltable_person.ejection', 'sqltable_person_ejection', '"string"', NULL, '1571163');
INSERT INTO metastore.pipeline_node_schema (id, column_name, column_alias, data_type, sql_expression, fk_pipeline_node_id) VALUES ('1571199', 'sqltable_person.person_age', 'sqltable_person_person_age', '"integer"', NULL, '1571163');
INSERT INTO metastore.pipeline_node_schema (id, column_name, column_alias, data_type, sql_expression, fk_pipeline_node_id) VALUES ('1571198', 'sqltable_person.vehicle_id', 'sqltable_person_vehicle_id', '"string"', NULL, '1571163');
INSERT INTO metastore.pipeline_node_schema (id, column_name, column_alias, data_type, sql_expression, fk_pipeline_node_id) VALUES ('1571197', 'sqltable_person.person_injury', 'sqltable_person_person_injury', '"string"', NULL, '1571163');
INSERT INTO metastore.pipeline_node_schema (id, column_name, column_alias, data_type, sql_expression, fk_pipeline_node_id) VALUES ('1571196', 'sqltable_person.person_type', 'sqltable_person_person_type', '"string"', NULL, '1571163');
INSERT INTO metastore.pipeline_node_schema (id, column_name, column_alias, data_type, sql_expression, fk_pipeline_node_id) VALUES ('1571195', 'sqltable_person.person_id', 'sqltable_person_person_id', '"string"', NULL, '1571163');
INSERT INTO metastore.pipeline_node_schema (id, column_name, column_alias, data_type, sql_expression, fk_pipeline_node_id) VALUES ('1571194', 'sqltable_person.crash_time', 'sqltable_person_crash_time', '"timestamp"', NULL, '1571163');
INSERT INTO metastore.pipeline_node_schema (id, column_name, column_alias, data_type, sql_expression, fk_pipeline_node_id) VALUES ('1571193', 'sqltable_person.crash_date', 'sqltable_person_crash_date', '"date"', NULL, '1571163');
INSERT INTO metastore.pipeline_node_schema (id, column_name, column_alias, data_type, sql_expression, fk_pipeline_node_id) VALUES ('1571192', 'sqltable_person.collision_id', 'sqltable_person_collision_id', '"integer"', NULL, '1571163');
INSERT INTO metastore.pipeline_node_schema (id, column_name, column_alias, data_type, sql_expression, fk_pipeline_node_id) VALUES ('1571191', 'sqltable_person.unique_id', 'sqltable_person_unique_id', '"integer"', NULL, '1571163');
INSERT INTO metastore.pipeline_node_schema (id, column_name, column_alias, data_type, sql_expression, fk_pipeline_node_id) VALUES ('1571190', 'sqltable_crash.foo', 'sqltable_crash_foo', '"string"', NULL, '1571163');
INSERT INTO metastore.pipeline_node_schema (id, column_name, column_alias, data_type, sql_expression, fk_pipeline_node_id) VALUES ('1571189', 'sqltable_crash.vehicle_type_code_5', 'sqltable_crash_vehicle_type_code_5', '"string"', NULL, '1571163');
INSERT INTO metastore.pipeline_node_schema (id, column_name, column_alias, data_type, sql_expression, fk_pipeline_node_id) VALUES ('1571188', 'sqltable_crash.vehicle_type_code_4', 'sqltable_crash_vehicle_type_code_4', '"string"', NULL, '1571163');
INSERT INTO metastore.pipeline_node_schema (id, column_name, column_alias, data_type, sql_expression, fk_pipeline_node_id) VALUES ('1571187', 'sqltable_crash.vehicle_type_code_3', 'sqltable_crash_vehicle_type_code_3', '"string"', NULL, '1571163');
INSERT INTO metastore.pipeline_node_schema (id, column_name, column_alias, data_type, sql_expression, fk_pipeline_node_id) VALUES ('1571186', 'sqltable_crash.vehicle_type_code_2', 'sqltable_crash_vehicle_type_code_2', '"string"', NULL, '1571163');
INSERT INTO metastore.pipeline_node_schema (id, column_name, column_alias, data_type, sql_expression, fk_pipeline_node_id) VALUES ('1571185', 'sqltable_crash.vehicle_type_code_1', 'sqltable_crash_vehicle_type_code_1', '"string"', NULL, '1571163');
INSERT INTO metastore.pipeline_node_schema (id, column_name, column_alias, data_type, sql_expression, fk_pipeline_node_id) VALUES ('1571184', 'sqltable_crash.collision_id', 'sqltable_crash_collision_id', '"integer"', NULL, '1571163');
INSERT INTO metastore.pipeline_node_schema (id, column_name, column_alias, data_type, sql_expression, fk_pipeline_node_id) VALUES ('1571183', 'sqltable_crash.contributing_factor_vehicle_5', 'sqltable_crash_contributing_factor_vehicle_5', '"string"', NULL, '1571163');
INSERT INTO metastore.pipeline_node_schema (id, column_name, column_alias, data_type, sql_expression, fk_pipeline_node_id) VALUES ('1571182', 'sqltable_crash.contributing_factor_vehicle_4', 'sqltable_crash_contributing_factor_vehicle_4', '"string"', NULL, '1571163');
INSERT INTO metastore.pipeline_node_schema (id, column_name, column_alias, data_type, sql_expression, fk_pipeline_node_id) VALUES ('1571181', 'sqltable_crash.contributing_factor_vehicle_3', 'sqltable_crash_contributing_factor_vehicle_3', '"string"', NULL, '1571163');
INSERT INTO metastore.pipeline_node_schema (id, column_name, column_alias, data_type, sql_expression, fk_pipeline_node_id) VALUES ('1571180', 'sqltable_crash.contributing_factor_vehicle_2', 'sqltable_crash_contributing_factor_vehicle_2', '"string"', NULL, '1571163');
INSERT INTO metastore.pipeline_node_schema (id, column_name, column_alias, data_type, sql_expression, fk_pipeline_node_id) VALUES ('1571179', 'sqltable_crash.contributing_factor_vehicle_1', 'sqltable_crash_contributing_factor_vehicle_1', '"string"', NULL, '1571163');
INSERT INTO metastore.pipeline_node_schema (id, column_name, column_alias, data_type, sql_expression, fk_pipeline_node_id) VALUES ('1571178', 'sqltable_crash.number_of_motorist_killed', 'sqltable_crash_number_of_motorist_killed', '"integer"', NULL, '1571163');
INSERT INTO metastore.pipeline_node_schema (id, column_name, column_alias, data_type, sql_expression, fk_pipeline_node_id) VALUES ('1571177', 'sqltable_crash.number_of_motorist_injured', 'sqltable_crash_number_of_motorist_injured', '"integer"', NULL, '1571163');
INSERT INTO metastore.pipeline_node_schema (id, column_name, column_alias, data_type, sql_expression, fk_pipeline_node_id) VALUES ('1571176', 'sqltable_crash.number_of_cyclist_killed', 'sqltable_crash_number_of_cyclist_killed', '"integer"', NULL, '1571163');
INSERT INTO metastore.pipeline_node_schema (id, column_name, column_alias, data_type, sql_expression, fk_pipeline_node_id) VALUES ('1571175', 'sqltable_crash.number_of_cyclist_injured', 'sqltable_crash_number_of_cyclist_injured', '"integer"', NULL, '1571163');
INSERT INTO metastore.pipeline_node_schema (id, column_name, column_alias, data_type, sql_expression, fk_pipeline_node_id) VALUES ('1571174', 'sqltable_crash.number_of_pedestrians_killed', 'sqltable_crash_number_of_pedestrians_killed', '"integer"', NULL, '1571163');
INSERT INTO metastore.pipeline_node_schema (id, column_name, column_alias, data_type, sql_expression, fk_pipeline_node_id) VALUES ('1571173', 'sqltable_crash.number_of_pedestrians_injured', 'sqltable_crash_number_of_pedestrians_injured', '"integer"', NULL, '1571163');
INSERT INTO metastore.pipeline_node_schema (id, column_name, column_alias, data_type, sql_expression, fk_pipeline_node_id) VALUES ('1571172', 'sqltable_crash.number_of_persons_killed', 'sqltable_crash_number_of_persons_killed', '"integer"', NULL, '1571163');
INSERT INTO metastore.pipeline_node_schema (id, column_name, column_alias, data_type, sql_expression, fk_pipeline_node_id) VALUES ('1571171', 'sqltable_crash.number_of_persons_injured', 'sqltable_crash_number_of_persons_injured', '"integer"', NULL, '1571163');
INSERT INTO metastore.pipeline_node_schema (id, column_name, column_alias, data_type, sql_expression, fk_pipeline_node_id) VALUES ('1571170', 'sqltable_crash.off_street_name', 'sqltable_crash_off_street_name', '"string"', NULL, '1571163');
INSERT INTO metastore.pipeline_node_schema (id, column_name, column_alias, data_type, sql_expression, fk_pipeline_node_id) VALUES ('1571169', 'sqltable_crash.cross_street_name', 'sqltable_crash_cross_street_name', '"string"', NULL, '1571163');
INSERT INTO metastore.pipeline_node_schema (id, column_name, column_alias, data_type, sql_expression, fk_pipeline_node_id) VALUES ('1571168', 'sqltable_crash.on_street_name', 'sqltable_crash_on_street_name', '"string"', NULL, '1571163');
INSERT INTO metastore.pipeline_node_schema (id, column_name, column_alias, data_type, sql_expression, fk_pipeline_node_id) VALUES ('1571167', 'sqltable_crash.location', 'sqltable_crash_location', '"string"', NULL, '1571163');
INSERT INTO metastore.pipeline_node_schema (id, column_name, column_alias, data_type, sql_expression, fk_pipeline_node_id) VALUES ('1571166', 'sqltable_crash.borough', 'sqltable_crash_borough', '"string"', NULL, '1571163');
INSERT INTO metastore.pipeline_node_schema (id, column_name, column_alias, data_type, sql_expression, fk_pipeline_node_id) VALUES ('1571165', 'sqltable_crash.crash_time', 'sqltable_crash_crash_time', '"timestamp"', NULL, '1571163');
INSERT INTO metastore.pipeline_node_schema (id, column_name, column_alias, data_type, sql_expression, fk_pipeline_node_id) VALUES ('1571164', 'sqltable_crash.crash_date', 'sqltable_crash_crash_date', '"date"', NULL, '1571163');
INSERT INTO metastore.pipeline_coordinates (id, coordinates, fk_pipeline_relation_id) VALUES ('4b5fbadd-48cc-4b8e-bb52-1202478f78e0', '{"positions":[{"name":"sqltable_crash","type":"SQLTable","xCord":"34px","yCord":"80px","isExpand":null},{"name":"sqltable_person","type":"SQLTable","xCord":"30px","yCord":"201px","isExpand":null},{"name":"join_2","type":"Join","xCord":"264px","yCord":"130px","isExpand":null},{"name":"sqltable_vehicle","type":"SQLTable","xCord":"9px","yCord":"326px","isExpand":null}],"connections":[{"source":"sqltable_crash","target":"join_2","targetType":0},{"source":"sqltable_person","target":"join_2","targetType":0},{"source":"sqltable_vehicle","target":"join_2","targetType":0}]}', '1570930');