INSERT INTO metastore.pipeline_container (id, name, case_sensitive_name, description, fk_organisation_id) VALUES ('1568601', 'nyc_pipelines', 'nyc_pipelines', NULL, '1568338');
INSERT INTO metastore.pipeline_relation (id, name, case_sensitive_name, description, fk_pipeline_container_id) VALUES ('1569931', 'my_temp_pipeline', 'my_temp_pipeline', NULL, '1568601');
INSERT INTO metastore.pipeline_relation (id, name, case_sensitive_name, description, fk_pipeline_container_id) VALUES ('1568673', 'yellow_taxi_aggregates', 'yellow_taxi_aggregates', NULL, '1568601');
INSERT INTO metastore.pipeline_relation (id, name, case_sensitive_name, description, fk_pipeline_container_id) VALUES ('1568653', 'taxi_zones_join', 'taxi_zones_join', NULL, '1568601');
INSERT INTO metastore.pipeline_relation (id, name, case_sensitive_name, description, fk_pipeline_container_id) VALUES ('1568636', 'crash_data_quality', 'crash_data_quality', NULL, '1568601');
INSERT INTO metastore.pipeline_relation (id, name, case_sensitive_name, description, fk_pipeline_container_id) VALUES ('1568624', 'crash_data_aggregation', 'crash_data_aggregation', NULL, '1568601');
INSERT INTO metastore.pipeline_relation (id, name, case_sensitive_name, description, fk_pipeline_container_id) VALUES ('1568602', 'crash_data_filter', 'crash_data_filter', NULL, '1568601');
INSERT INTO metastore.pipeline_node (id, name, case_sensitive_name, description, fk_pipeline_relation_id, pipeline_type, sources) VALUES ('1568667', 'taxi_zone', 'taxi_zone', NULL, '1568653', 'JOIN', 'yellow_taxi,zones_vc');
INSERT INTO metastore.pipeline_node (id, name, case_sensitive_name, description, fk_pipeline_relation_id, pipeline_type, sources) VALUES ('1568664', 'zones_vc', 'zones_vc', NULL, '1568653', 'PROJECTION', 'taxi_zones');
INSERT INTO metastore.pipeline_node (id, name, case_sensitive_name, description, fk_pipeline_relation_id, pipeline_type, sources) VALUES ('1568661', 'taxi_zones', 'taxi_zones', NULL, '1568653', 'SQLTable', NULL);
INSERT INTO metastore.pipeline_node (id, name, case_sensitive_name, description, fk_pipeline_relation_id, pipeline_type, sources) VALUES ('1568654', 'yellow_taxi', 'yellow_taxi', NULL, '1568653', 'SQLTable', NULL);
INSERT INTO metastore.pipeline_node (id, name, case_sensitive_name, description, fk_pipeline_relation_id, pipeline_type, sources) VALUES ('1568613', 'data_quality', 'data_quality', NULL, '1568602', 'SimpleDQ', 'filter');
INSERT INTO metastore.pipeline_node (id, name, case_sensitive_name, description, fk_pipeline_relation_id, pipeline_type, sources) VALUES ('1568608', 'filter', 'filter', NULL, '1568602', 'PROJECTION', 'crash');
INSERT INTO metastore.pipeline_node (id, name, case_sensitive_name, description, fk_pipeline_relation_id, pipeline_type, sources) VALUES ('1568603', 'crash', 'crash', NULL, '1568602', 'SQLTable', NULL);
INSERT INTO metastore.pipeline_node (id, name, case_sensitive_name, description, fk_pipeline_relation_id, pipeline_type, sources) VALUES ('1569961', 'join_2', 'join_2', NULL, '1569931', 'JOIN', 'sqltable_0,sqltable_1');
INSERT INTO metastore.pipeline_node (id, name, case_sensitive_name, description, fk_pipeline_relation_id, pipeline_type, sources) VALUES ('1569947', 'sqltable_1', 'sqltable_1', NULL, '1569931', 'SQLTable', NULL);
INSERT INTO metastore.pipeline_node (id, name, case_sensitive_name, description, fk_pipeline_relation_id, pipeline_type, sources) VALUES ('1569932', 'sqltable_0', 'sqltable_0', NULL, '1569931', 'SQLTable', NULL);
INSERT INTO metastore.pipeline_node (id, name, case_sensitive_name, description, fk_pipeline_relation_id, pipeline_type, sources) VALUES ('1568680', 'aggregates', 'aggregates', NULL, '1568673', 'AGGREGATION', 'yellow_taxi');
INSERT INTO metastore.pipeline_node (id, name, case_sensitive_name, description, fk_pipeline_relation_id, pipeline_type, sources) VALUES ('1568674', 'yellow_taxi', 'yellow_taxi', NULL, '1568673', 'SQLTable', NULL);
INSERT INTO metastore.pipeline_node (id, name, case_sensitive_name, description, fk_pipeline_relation_id, pipeline_type, sources) VALUES ('1568631', 'summary', 'summary', NULL, '1568624', 'AGGREGATION', 'crash');
INSERT INTO metastore.pipeline_node (id, name, case_sensitive_name, description, fk_pipeline_relation_id, pipeline_type, sources) VALUES ('1568625', 'crash', 'crash', NULL, '1568624', 'SQLTable', NULL);
INSERT INTO metastore.pipeline_node (id, name, case_sensitive_name, description, fk_pipeline_relation_id, pipeline_type, sources) VALUES ('1568642', 'crash_dq', 'crash_dq', NULL, '1568636', 'SimpleDQ', 'crash');
INSERT INTO metastore.pipeline_node (id, name, case_sensitive_name, description, fk_pipeline_relation_id, pipeline_type, sources) VALUES ('1568637', 'crash', 'crash', NULL, '1568636', 'SQLTable', NULL);
INSERT INTO metastore.pipeline_sqltable (id, source_tables, sql_query) VALUES ('1568661', NULL, 'select LocationID, zone from NY_TAXI.taxi_zones');
INSERT INTO metastore.pipeline_sqltable (id, source_tables, sql_query) VALUES ('1568654', NULL, 'select tpep_pickup_datetime, tpep_dropoff_datetime, fare_amount, total_amount, PULocationID, DOLocationID
from NY_TAXI.yellow_taxi');
INSERT INTO metastore.pipeline_sqltable (id, source_tables, sql_query) VALUES ('1568603', NULL, 'SELECT collision_id, crash_date, borough, zip_code 
FROM NY_VEHICLE_COLLISIONS.crash');
INSERT INTO metastore.pipeline_sqltable (id, source_tables, sql_query) VALUES ('1569932', NULL, 'SELECT * from my_test_db.myallice_ticket');
INSERT INTO metastore.pipeline_sqltable (id, source_tables, sql_query) VALUES ('1569947', NULL, 'select * from my_test_db.myallice_ticket_conversion');
INSERT INTO metastore.pipeline_sqltable (id, source_tables, sql_query) VALUES ('1568674', NULL, 'select month(tpep_pickup_datetime) as month, fare_amount, total_amount, round(total_amount - fare_amount, 2) as extras, trip_distance from NY_TAXI.yellow_taxi');
INSERT INTO metastore.pipeline_sqltable (id, source_tables, sql_query) VALUES ('1568625', NULL, 'SELECT collision_id, crash_date, borough, number_of_persons_injured, number_of_persons_killed
FROM NY_VEHICLE_COLLISIONS.crash 
WHERE borough IS NOT NULL');
INSERT INTO metastore.pipeline_sqltable (id, source_tables, sql_query) VALUES ('1568637', NULL, 'SELECT collision_id, crash_date, borough, zip_code 
FROM NY_VEHICLE_COLLISIONS.crash 
WHERE borough IS NOT NULL and zip_code IS NOT NULL');
INSERT INTO metastore.pipeline_aggregation (id, filter_expression, order_by, group_expression, having_expression) VALUES ('1568680', NULL, NULL, 'yellow_taxi.month', NULL);
INSERT INTO metastore.pipeline_aggregation (id, filter_expression, order_by, group_expression, having_expression) VALUES ('1568631', NULL, NULL, 'crash.borough', NULL);
INSERT INTO metastore.pipeline_join (id, join_tables, join_predicate, filter_expression, order_by) VALUES ('1568667', 'yellow_taxi,zones_vc', '(yellow_taxi.PULocationID = zones_vc.lid)', NULL, NULL);
INSERT INTO metastore.pipeline_join (id, join_tables, join_predicate, filter_expression, order_by) VALUES ('1569961', 'sqltable_0,sqltable_1', '(sqltable_0.ticket_id = sqltable_1.ticket_id)', NULL, NULL);
INSERT INTO metastore.pipeline_node_schema (id, column_name, column_alias, data_type, sql_expression, fk_pipeline_node_id) VALUES ('1568663', 'NY_TAXI.taxi_zones.zone', 'zone', 'string', NULL, '1568661');
INSERT INTO metastore.pipeline_node_schema (id, column_name, column_alias, data_type, sql_expression, fk_pipeline_node_id) VALUES ('1568662', 'NY_TAXI.taxi_zones.LocationID', 'LocationID', 'int', NULL, '1568661');
INSERT INTO metastore.pipeline_node_schema (id, column_name, column_alias, data_type, sql_expression, fk_pipeline_node_id) VALUES ('1568672', 'zones_vc.zone', 'zone', 'string', NULL, '1568667');
INSERT INTO metastore.pipeline_node_schema (id, column_name, column_alias, data_type, sql_expression, fk_pipeline_node_id) VALUES ('1568671', 'yellow_taxi.total_amount', 'total_amount', 'double', NULL, '1568667');
INSERT INTO metastore.pipeline_node_schema (id, column_name, column_alias, data_type, sql_expression, fk_pipeline_node_id) VALUES ('1568670', 'yellow_taxi.fare_amount', 'fare_amount', 'double', NULL, '1568667');
INSERT INTO metastore.pipeline_node_schema (id, column_name, column_alias, data_type, sql_expression, fk_pipeline_node_id) VALUES ('1568669', 'yellow_taxi.tpep_dropoff_datetime', 'dropoff_datetime', 'timestamp', NULL, '1568667');
INSERT INTO metastore.pipeline_node_schema (id, column_name, column_alias, data_type, sql_expression, fk_pipeline_node_id) VALUES ('1568668', 'yellow_taxi.tpep_pickup_datetime', 'pickup_datetime', 'timestamp', NULL, '1568667');
INSERT INTO metastore.pipeline_node_schema (id, column_name, column_alias, data_type, sql_expression, fk_pipeline_node_id) VALUES ('1568666', 'lid', NULL, 'bigint', 'bigint(LocationID)', '1568664');
INSERT INTO metastore.pipeline_node_schema (id, column_name, column_alias, data_type, sql_expression, fk_pipeline_node_id) VALUES ('1568665', 'zone', NULL, 'string', NULL, '1568664');
INSERT INTO metastore.pipeline_node_schema (id, column_name, column_alias, data_type, sql_expression, fk_pipeline_node_id) VALUES ('1568660', 'NY_TAXI.yellow_taxi.DOLocationID', 'DOLocationID', 'bigint', NULL, '1568654');
INSERT INTO metastore.pipeline_node_schema (id, column_name, column_alias, data_type, sql_expression, fk_pipeline_node_id) VALUES ('1568659', 'NY_TAXI.yellow_taxi.PULocationID', 'PULocationID', 'bigint', NULL, '1568654');
INSERT INTO metastore.pipeline_node_schema (id, column_name, column_alias, data_type, sql_expression, fk_pipeline_node_id) VALUES ('1568658', 'NY_TAXI.yellow_taxi.total_amount', 'total_amount', 'double', NULL, '1568654');
INSERT INTO metastore.pipeline_node_schema (id, column_name, column_alias, data_type, sql_expression, fk_pipeline_node_id) VALUES ('1568657', 'NY_TAXI.yellow_taxi.fare_amount', 'fare_amount', 'double', NULL, '1568654');
INSERT INTO metastore.pipeline_node_schema (id, column_name, column_alias, data_type, sql_expression, fk_pipeline_node_id) VALUES ('1568656', 'NY_TAXI.yellow_taxi.tpep_dropoff_datetime', 'tpep_dropoff_datetime', 'timestamp', NULL, '1568654');
INSERT INTO metastore.pipeline_node_schema (id, column_name, column_alias, data_type, sql_expression, fk_pipeline_node_id) VALUES ('1568655', 'NY_TAXI.yellow_taxi.tpep_pickup_datetime', 'tpep_pickup_datetime', 'timestamp', NULL, '1568654');
INSERT INTO metastore.pipeline_node_schema (id, column_name, column_alias, data_type, sql_expression, fk_pipeline_node_id) VALUES ('1568612', 'zip_code', NULL, 'string', NULL, '1568608');
INSERT INTO metastore.pipeline_node_schema (id, column_name, column_alias, data_type, sql_expression, fk_pipeline_node_id) VALUES ('1568611', 'borough', NULL, 'string', NULL, '1568608');
INSERT INTO metastore.pipeline_node_schema (id, column_name, column_alias, data_type, sql_expression, fk_pipeline_node_id) VALUES ('1568610', 'crash_date', NULL, 'date', NULL, '1568608');
INSERT INTO metastore.pipeline_node_schema (id, column_name, column_alias, data_type, sql_expression, fk_pipeline_node_id) VALUES ('1568609', 'collision_id', NULL, 'int', NULL, '1568608');
INSERT INTO metastore.pipeline_node_schema (id, column_name, column_alias, data_type, sql_expression, fk_pipeline_node_id) VALUES ('1568617', 'message', NULL, 'string', NULL, '1568613');
INSERT INTO metastore.pipeline_node_schema (id, column_name, column_alias, data_type, sql_expression, fk_pipeline_node_id) VALUES ('1568616', 'score', NULL, 'string', NULL, '1568613');
INSERT INTO metastore.pipeline_node_schema (id, column_name, column_alias, data_type, sql_expression, fk_pipeline_node_id) VALUES ('1568615', 'constraint', NULL, 'string', NULL, '1568613');
INSERT INTO metastore.pipeline_node_schema (id, column_name, column_alias, data_type, sql_expression, fk_pipeline_node_id) VALUES ('1568614', 'status', NULL, 'string', NULL, '1568613');
INSERT INTO metastore.pipeline_node_schema (id, column_name, column_alias, data_type, sql_expression, fk_pipeline_node_id) VALUES ('1568607', 'NY_VEHICLE_COLLISIONS.crash.zip_code', 'zip_code', 'string', NULL, '1568603');
INSERT INTO metastore.pipeline_node_schema (id, column_name, column_alias, data_type, sql_expression, fk_pipeline_node_id) VALUES ('1568606', 'NY_VEHICLE_COLLISIONS.crash.borough', 'borough', 'string', NULL, '1568603');
INSERT INTO metastore.pipeline_node_schema (id, column_name, column_alias, data_type, sql_expression, fk_pipeline_node_id) VALUES ('1568605', 'NY_VEHICLE_COLLISIONS.crash.crash_date', 'crash_date', 'date', NULL, '1568603');
INSERT INTO metastore.pipeline_node_schema (id, column_name, column_alias, data_type, sql_expression, fk_pipeline_node_id) VALUES ('1568604', 'NY_VEHICLE_COLLISIONS.crash.collision_id', 'collision_id', 'int', NULL, '1568603');
INSERT INTO metastore.pipeline_node_schema (id, column_name, column_alias, data_type, sql_expression, fk_pipeline_node_id) VALUES ('1569988', 'sqltable_1.message_body', 'sqltable_1_message_body', '"string"', NULL, '1569961');
INSERT INTO metastore.pipeline_node_schema (id, column_name, column_alias, data_type, sql_expression, fk_pipeline_node_id) VALUES ('1569987', 'sqltable_1.conversation_status', 'sqltable_1_conversation_status', '"string"', NULL, '1569961');
INSERT INTO metastore.pipeline_node_schema (id, column_name, column_alias, data_type, sql_expression, fk_pipeline_node_id) VALUES ('1569986', 'sqltable_1.is_delivered', 'sqltable_1_is_delivered', '"string"', NULL, '1569961');
INSERT INTO metastore.pipeline_node_schema (id, column_name, column_alias, data_type, sql_expression, fk_pipeline_node_id) VALUES ('1569985', 'sqltable_1.is_seen', 'sqltable_1_is_seen', '"string"', NULL, '1569961');
INSERT INTO metastore.pipeline_node_schema (id, column_name, column_alias, data_type, sql_expression, fk_pipeline_node_id) VALUES ('1569984', 'sqltable_1.customer_id', 'sqltable_1_customer_id', '"string"', NULL, '1569961');
INSERT INTO metastore.pipeline_node_schema (id, column_name, column_alias, data_type, sql_expression, fk_pipeline_node_id) VALUES ('1569983', 'sqltable_1.project_id', 'sqltable_1_project_id', '"string"', NULL, '1569961');
INSERT INTO metastore.pipeline_node_schema (id, column_name, column_alias, data_type, sql_expression, fk_pipeline_node_id) VALUES ('1569982', 'sqltable_1.platform_id', 'sqltable_1_platform_id', '"string"', NULL, '1569961');
INSERT INTO metastore.pipeline_node_schema (id, column_name, column_alias, data_type, sql_expression, fk_pipeline_node_id) VALUES ('1569981', 'sqltable_1.timestamp', 'sqltable_1_timestamp', '"string"', NULL, '1569961');
INSERT INTO metastore.pipeline_node_schema (id, column_name, column_alias, data_type, sql_expression, fk_pipeline_node_id) VALUES ('1569980', 'sqltable_1.platform_type', 'sqltable_1_platform_type', '"string"', NULL, '1569961');
INSERT INTO metastore.pipeline_node_schema (id, column_name, column_alias, data_type, sql_expression, fk_pipeline_node_id) VALUES ('1569979', 'sqltable_1.type', 'sqltable_1_type', '"string"', NULL, '1569961');
INSERT INTO metastore.pipeline_node_schema (id, column_name, column_alias, data_type, sql_expression, fk_pipeline_node_id) VALUES ('1569978', 'sqltable_1.source', 'sqltable_1_source', '"string"', NULL, '1569961');
INSERT INTO metastore.pipeline_node_schema (id, column_name, column_alias, data_type, sql_expression, fk_pipeline_node_id) VALUES ('1569977', 'sqltable_1.ticket_id', 'sqltable_1_ticket_id', '"string"', NULL, '1569961');
INSERT INTO metastore.pipeline_node_schema (id, column_name, column_alias, data_type, sql_expression, fk_pipeline_node_id) VALUES ('1569976', 'sqltable_1.conversation_id', 'sqltable_1_conversation_id', '"string"', NULL, '1569961');
INSERT INTO metastore.pipeline_node_schema (id, column_name, column_alias, data_type, sql_expression, fk_pipeline_node_id) VALUES ('1569975', 'sqltable_0.time_to_first_message', 'sqltable_0_time_to_first_message', '"string"', NULL, '1569961');
INSERT INTO metastore.pipeline_node_schema (id, column_name, column_alias, data_type, sql_expression, fk_pipeline_node_id) VALUES ('1569974', 'sqltable_0.conversation_status', 'sqltable_0_conversation_status', '"string"', NULL, '1569961');
INSERT INTO metastore.pipeline_node_schema (id, column_name, column_alias, data_type, sql_expression, fk_pipeline_node_id) VALUES ('1569973', 'sqltable_0.is_delivered', 'sqltable_0_is_delivered', '"string"', NULL, '1569961');
INSERT INTO metastore.pipeline_node_schema (id, column_name, column_alias, data_type, sql_expression, fk_pipeline_node_id) VALUES ('1569972', 'sqltable_0.is_seen', 'sqltable_0_is_seen', '"string"', NULL, '1569961');
INSERT INTO metastore.pipeline_node_schema (id, column_name, column_alias, data_type, sql_expression, fk_pipeline_node_id) VALUES ('1569971', 'sqltable_0.first_message_timestamp', 'sqltable_0_first_message_timestamp', '"string"', NULL, '1569961');
INSERT INTO metastore.pipeline_node_schema (id, column_name, column_alias, data_type, sql_expression, fk_pipeline_node_id) VALUES ('1569970', 'sqltable_0.conversation_count', 'sqltable_0_conversation_count', '"string"', NULL, '1569961');
INSERT INTO metastore.pipeline_node_schema (id, column_name, column_alias, data_type, sql_expression, fk_pipeline_node_id) VALUES ('1569969', 'sqltable_0.phone', 'sqltable_0_phone', '"string"', NULL, '1569961');
INSERT INTO metastore.pipeline_node_schema (id, column_name, column_alias, data_type, sql_expression, fk_pipeline_node_id) VALUES ('1569968', 'sqltable_0.customer_name', 'sqltable_0_customer_name', '"string"', NULL, '1569961');
INSERT INTO metastore.pipeline_node_schema (id, column_name, column_alias, data_type, sql_expression, fk_pipeline_node_id) VALUES ('1569967', 'sqltable_0.group_code', 'sqltable_0_group_code', '"string"', NULL, '1569961');
INSERT INTO metastore.pipeline_node_schema (id, column_name, column_alias, data_type, sql_expression, fk_pipeline_node_id) VALUES ('1569966', 'sqltable_0.agent_code', 'sqltable_0_agent_code', '"string"', NULL, '1569961');
INSERT INTO metastore.pipeline_node_schema (id, column_name, column_alias, data_type, sql_expression, fk_pipeline_node_id) VALUES ('1569965', 'sqltable_0.agent_name', 'sqltable_0_agent_name', '"string"', NULL, '1569961');
INSERT INTO metastore.pipeline_node_schema (id, column_name, column_alias, data_type, sql_expression, fk_pipeline_node_id) VALUES ('1569964', 'sqltable_0.ticket_status', 'sqltable_0_ticket_status', '"string"', NULL, '1569961');
INSERT INTO metastore.pipeline_node_schema (id, column_name, column_alias, data_type, sql_expression, fk_pipeline_node_id) VALUES ('1569963', 'sqltable_0.created_date', 'sqltable_0_created_date', '"string"', NULL, '1569961');
INSERT INTO metastore.pipeline_node_schema (id, column_name, column_alias, data_type, sql_expression, fk_pipeline_node_id) VALUES ('1569962', 'sqltable_0.ticket_id', 'sqltable_0_ticket_id', '"string"', NULL, '1569961');
INSERT INTO metastore.pipeline_node_schema (id, column_name, column_alias, data_type, sql_expression, fk_pipeline_node_id) VALUES ('1569946', 'MY_TEST_DB.myallice_ticket.time_to_first_message', 'time_to_first_message', '"string"', NULL, '1569932');
INSERT INTO metastore.pipeline_node_schema (id, column_name, column_alias, data_type, sql_expression, fk_pipeline_node_id) VALUES ('1569945', 'MY_TEST_DB.myallice_ticket.conversation_status', 'conversation_status', '"string"', NULL, '1569932');
INSERT INTO metastore.pipeline_node_schema (id, column_name, column_alias, data_type, sql_expression, fk_pipeline_node_id) VALUES ('1569944', 'MY_TEST_DB.myallice_ticket.is_delivered', 'is_delivered', '"string"', NULL, '1569932');
INSERT INTO metastore.pipeline_node_schema (id, column_name, column_alias, data_type, sql_expression, fk_pipeline_node_id) VALUES ('1569943', 'MY_TEST_DB.myallice_ticket.is_seen', 'is_seen', '"string"', NULL, '1569932');
INSERT INTO metastore.pipeline_node_schema (id, column_name, column_alias, data_type, sql_expression, fk_pipeline_node_id) VALUES ('1569942', 'MY_TEST_DB.myallice_ticket.first_message_timestamp', 'first_message_timestamp', '"string"', NULL, '1569932');
INSERT INTO metastore.pipeline_node_schema (id, column_name, column_alias, data_type, sql_expression, fk_pipeline_node_id) VALUES ('1569941', 'MY_TEST_DB.myallice_ticket.conversation_count', 'conversation_count', '"string"', NULL, '1569932');
INSERT INTO metastore.pipeline_node_schema (id, column_name, column_alias, data_type, sql_expression, fk_pipeline_node_id) VALUES ('1569940', 'MY_TEST_DB.myallice_ticket.phone', 'phone', '"string"', NULL, '1569932');
INSERT INTO metastore.pipeline_node_schema (id, column_name, column_alias, data_type, sql_expression, fk_pipeline_node_id) VALUES ('1569939', 'MY_TEST_DB.myallice_ticket.customer_name', 'customer_name', '"string"', NULL, '1569932');
INSERT INTO metastore.pipeline_node_schema (id, column_name, column_alias, data_type, sql_expression, fk_pipeline_node_id) VALUES ('1569938', 'MY_TEST_DB.myallice_ticket.group_code', 'group_code', '"string"', NULL, '1569932');
INSERT INTO metastore.pipeline_node_schema (id, column_name, column_alias, data_type, sql_expression, fk_pipeline_node_id) VALUES ('1569937', 'MY_TEST_DB.myallice_ticket.agent_code', 'agent_code', '"string"', NULL, '1569932');
INSERT INTO metastore.pipeline_node_schema (id, column_name, column_alias, data_type, sql_expression, fk_pipeline_node_id) VALUES ('1569936', 'MY_TEST_DB.myallice_ticket.agent_name', 'agent_name', '"string"', NULL, '1569932');
INSERT INTO metastore.pipeline_node_schema (id, column_name, column_alias, data_type, sql_expression, fk_pipeline_node_id) VALUES ('1569935', 'MY_TEST_DB.myallice_ticket.ticket_status', 'ticket_status', '"string"', NULL, '1569932');
INSERT INTO metastore.pipeline_node_schema (id, column_name, column_alias, data_type, sql_expression, fk_pipeline_node_id) VALUES ('1569934', 'MY_TEST_DB.myallice_ticket.created_date', 'created_date', '"string"', NULL, '1569932');
INSERT INTO metastore.pipeline_node_schema (id, column_name, column_alias, data_type, sql_expression, fk_pipeline_node_id) VALUES ('1569933', 'MY_TEST_DB.myallice_ticket.ticket_id', 'ticket_id', '"string"', NULL, '1569932');
INSERT INTO metastore.pipeline_node_schema (id, column_name, column_alias, data_type, sql_expression, fk_pipeline_node_id) VALUES ('1569960', 'MY_TEST_DB.myallice_ticket_conversion.message_body', 'message_body', '"string"', NULL, '1569947');
INSERT INTO metastore.pipeline_node_schema (id, column_name, column_alias, data_type, sql_expression, fk_pipeline_node_id) VALUES ('1569959', 'MY_TEST_DB.myallice_ticket_conversion.conversation_status', 'conversation_status', '"string"', NULL, '1569947');
INSERT INTO metastore.pipeline_node_schema (id, column_name, column_alias, data_type, sql_expression, fk_pipeline_node_id) VALUES ('1569958', 'MY_TEST_DB.myallice_ticket_conversion.is_delivered', 'is_delivered', '"string"', NULL, '1569947');
INSERT INTO metastore.pipeline_node_schema (id, column_name, column_alias, data_type, sql_expression, fk_pipeline_node_id) VALUES ('1569957', 'MY_TEST_DB.myallice_ticket_conversion.is_seen', 'is_seen', '"string"', NULL, '1569947');
INSERT INTO metastore.pipeline_node_schema (id, column_name, column_alias, data_type, sql_expression, fk_pipeline_node_id) VALUES ('1569956', 'MY_TEST_DB.myallice_ticket_conversion.customer_id', 'customer_id', '"string"', NULL, '1569947');
INSERT INTO metastore.pipeline_node_schema (id, column_name, column_alias, data_type, sql_expression, fk_pipeline_node_id) VALUES ('1569955', 'MY_TEST_DB.myallice_ticket_conversion.project_id', 'project_id', '"string"', NULL, '1569947');
INSERT INTO metastore.pipeline_node_schema (id, column_name, column_alias, data_type, sql_expression, fk_pipeline_node_id) VALUES ('1569954', 'MY_TEST_DB.myallice_ticket_conversion.platform_id', 'platform_id', '"string"', NULL, '1569947');
INSERT INTO metastore.pipeline_node_schema (id, column_name, column_alias, data_type, sql_expression, fk_pipeline_node_id) VALUES ('1569953', 'MY_TEST_DB.myallice_ticket_conversion.timestamp', 'timestamp', '"string"', NULL, '1569947');
INSERT INTO metastore.pipeline_node_schema (id, column_name, column_alias, data_type, sql_expression, fk_pipeline_node_id) VALUES ('1569952', 'MY_TEST_DB.myallice_ticket_conversion.platform_type', 'platform_type', '"string"', NULL, '1569947');
INSERT INTO metastore.pipeline_node_schema (id, column_name, column_alias, data_type, sql_expression, fk_pipeline_node_id) VALUES ('1569951', 'MY_TEST_DB.myallice_ticket_conversion.type', 'type', '"string"', NULL, '1569947');
INSERT INTO metastore.pipeline_node_schema (id, column_name, column_alias, data_type, sql_expression, fk_pipeline_node_id) VALUES ('1569950', 'MY_TEST_DB.myallice_ticket_conversion.source', 'source', '"string"', NULL, '1569947');
INSERT INTO metastore.pipeline_node_schema (id, column_name, column_alias, data_type, sql_expression, fk_pipeline_node_id) VALUES ('1569949', 'MY_TEST_DB.myallice_ticket_conversion.ticket_id', 'ticket_id', '"string"', NULL, '1569947');
INSERT INTO metastore.pipeline_node_schema (id, column_name, column_alias, data_type, sql_expression, fk_pipeline_node_id) VALUES ('1569948', 'MY_TEST_DB.myallice_ticket_conversion.conversation_id', 'conversation_id', '"string"', NULL, '1569947');
INSERT INTO metastore.pipeline_node_schema (id, column_name, column_alias, data_type, sql_expression, fk_pipeline_node_id) VALUES ('1568679', 'NY_TAXI.yellow_taxi.trip_distance', 'trip_distance', 'double', NULL, '1568674');
INSERT INTO metastore.pipeline_node_schema (id, column_name, column_alias, data_type, sql_expression, fk_pipeline_node_id) VALUES ('1568678', 'extras', 'extras', 'double', NULL, '1568674');
INSERT INTO metastore.pipeline_node_schema (id, column_name, column_alias, data_type, sql_expression, fk_pipeline_node_id) VALUES ('1568677', 'NY_TAXI.yellow_taxi.total_amount', 'total_amount', 'double', NULL, '1568674');
INSERT INTO metastore.pipeline_node_schema (id, column_name, column_alias, data_type, sql_expression, fk_pipeline_node_id) VALUES ('1568676', 'NY_TAXI.yellow_taxi.fare_amount', 'fare_amount', 'double', NULL, '1568674');
INSERT INTO metastore.pipeline_node_schema (id, column_name, column_alias, data_type, sql_expression, fk_pipeline_node_id) VALUES ('1568675', 'month', 'month', 'int', NULL, '1568674');
INSERT INTO metastore.pipeline_node_schema (id, column_name, column_alias, data_type, sql_expression, fk_pipeline_node_id) VALUES ('1568685', 'avg_trip_distance', 'avg_trip_distance', 'double', 'AVG(yellow_taxi.trip_distance)', '1568680');
INSERT INTO metastore.pipeline_node_schema (id, column_name, column_alias, data_type, sql_expression, fk_pipeline_node_id) VALUES ('1568684', 'avg_extras', 'avg_extras', 'double', 'AVG(yellow_taxi.extras)', '1568680');
INSERT INTO metastore.pipeline_node_schema (id, column_name, column_alias, data_type, sql_expression, fk_pipeline_node_id) VALUES ('1568683', 'avg_total_amount', 'avg_total_amount', 'double', 'AVG(yellow_taxi.total_amount)', '1568680');
INSERT INTO metastore.pipeline_node_schema (id, column_name, column_alias, data_type, sql_expression, fk_pipeline_node_id) VALUES ('1568682', 'avg_fare_amount', 'avg_fare_amount', 'double', 'AVG(yellow_taxi.fare_amount)', '1568680');
INSERT INTO metastore.pipeline_node_schema (id, column_name, column_alias, data_type, sql_expression, fk_pipeline_node_id) VALUES ('1568681', 'yellow_taxi.month', 'month', 'int', NULL, '1568680');
INSERT INTO metastore.pipeline_node_schema (id, column_name, column_alias, data_type, sql_expression, fk_pipeline_node_id) VALUES ('1568635', 'total_fatalities', 'total_fatalities', 'bigint', 'SUM(crash.number_of_persons_killed)', '1568631');
INSERT INTO metastore.pipeline_node_schema (id, column_name, column_alias, data_type, sql_expression, fk_pipeline_node_id) VALUES ('1568634', 'total_injuries', 'total_injuries', 'bigint', 'SUM(crash.number_of_persons_injured)', '1568631');
INSERT INTO metastore.pipeline_node_schema (id, column_name, column_alias, data_type, sql_expression, fk_pipeline_node_id) VALUES ('1568633', 'total_crashes', 'total_crashes', 'bigint', 'COUNT(crash.collision_id)', '1568631');
INSERT INTO metastore.pipeline_node_schema (id, column_name, column_alias, data_type, sql_expression, fk_pipeline_node_id) VALUES ('1568632', 'crash.borough', 'borough', 'string', NULL, '1568631');
INSERT INTO metastore.pipeline_node_schema (id, column_name, column_alias, data_type, sql_expression, fk_pipeline_node_id) VALUES ('1568630', 'NY_VEHICLE_COLLISIONS.crash.number_of_persons_killed', 'number_of_persons_killed', 'int', NULL, '1568625');
INSERT INTO metastore.pipeline_node_schema (id, column_name, column_alias, data_type, sql_expression, fk_pipeline_node_id) VALUES ('1568629', 'NY_VEHICLE_COLLISIONS.crash.number_of_persons_injured', 'number_of_persons_injured', 'int', NULL, '1568625');
INSERT INTO metastore.pipeline_node_schema (id, column_name, column_alias, data_type, sql_expression, fk_pipeline_node_id) VALUES ('1568628', 'NY_VEHICLE_COLLISIONS.crash.borough', 'borough', 'string', NULL, '1568625');
INSERT INTO metastore.pipeline_node_schema (id, column_name, column_alias, data_type, sql_expression, fk_pipeline_node_id) VALUES ('1568627', 'NY_VEHICLE_COLLISIONS.crash.crash_date', 'crash_date', 'date', NULL, '1568625');
INSERT INTO metastore.pipeline_node_schema (id, column_name, column_alias, data_type, sql_expression, fk_pipeline_node_id) VALUES ('1568626', 'NY_VEHICLE_COLLISIONS.crash.collision_id', 'collision_id', 'int', NULL, '1568625');
INSERT INTO metastore.pipeline_node_schema (id, column_name, column_alias, data_type, sql_expression, fk_pipeline_node_id) VALUES ('1568641', 'NY_VEHICLE_COLLISIONS.crash.zip_code', 'zip_code', 'string', NULL, '1568637');
INSERT INTO metastore.pipeline_node_schema (id, column_name, column_alias, data_type, sql_expression, fk_pipeline_node_id) VALUES ('1568640', 'NY_VEHICLE_COLLISIONS.crash.borough', 'borough', 'string', NULL, '1568637');
INSERT INTO metastore.pipeline_node_schema (id, column_name, column_alias, data_type, sql_expression, fk_pipeline_node_id) VALUES ('1568639', 'NY_VEHICLE_COLLISIONS.crash.crash_date', 'crash_date', 'date', NULL, '1568637');
INSERT INTO metastore.pipeline_node_schema (id, column_name, column_alias, data_type, sql_expression, fk_pipeline_node_id) VALUES ('1568638', 'NY_VEHICLE_COLLISIONS.crash.collision_id', 'collision_id', 'int', NULL, '1568637');
INSERT INTO metastore.pipeline_node_schema (id, column_name, column_alias, data_type, sql_expression, fk_pipeline_node_id) VALUES ('1568646', 'message', NULL, 'string', NULL, '1568642');
INSERT INTO metastore.pipeline_node_schema (id, column_name, column_alias, data_type, sql_expression, fk_pipeline_node_id) VALUES ('1568645', 'score', NULL, 'string', NULL, '1568642');
INSERT INTO metastore.pipeline_node_schema (id, column_name, column_alias, data_type, sql_expression, fk_pipeline_node_id) VALUES ('1568644', 'constraint', NULL, 'string', NULL, '1568642');
INSERT INTO metastore.pipeline_node_schema (id, column_name, column_alias, data_type, sql_expression, fk_pipeline_node_id) VALUES ('1568643', 'status', NULL, 'string', NULL, '1568642');
INSERT INTO metastore.pipeline_projection (id, filter_expression, windows_spec, order_by) VALUES ('1568664', NULL, NULL, NULL);
INSERT INTO metastore.pipeline_projection (id, filter_expression, windows_spec, order_by) VALUES ('1568608', 'borough is not null AND zip_code is not null', NULL, NULL);
INSERT INTO metastore.pipeline_simple_dq (id) VALUES ('1568613');
INSERT INTO metastore.pipeline_simple_dq (id) VALUES ('1568642');
INSERT INTO metastore.pipeline_simple_dq_rule (id, columns, name, expression, filter, fk_pipeline_simple_dq_id) VALUES ('1568618', 'collision_id', 'Uniqueness', NULL, NULL, '1568613');
INSERT INTO metastore.pipeline_simple_dq_rule (id, columns, name, expression, filter, fk_pipeline_simple_dq_id) VALUES ('1568619', 'collision_id', 'Completeness', NULL, NULL, '1568613');
INSERT INTO metastore.pipeline_simple_dq_rule (id, columns, name, expression, filter, fk_pipeline_simple_dq_id) VALUES ('1568620', 'crash_date', 'Completeness', NULL, NULL, '1568613');
INSERT INTO metastore.pipeline_simple_dq_rule (id, columns, name, expression, filter, fk_pipeline_simple_dq_id) VALUES ('1568621', 'borough', 'Completeness', NULL, NULL, '1568613');
INSERT INTO metastore.pipeline_simple_dq_rule (id, columns, name, expression, filter, fk_pipeline_simple_dq_id) VALUES ('1568622', 'zip_code', 'Completeness', NULL, NULL, '1568613');
INSERT INTO metastore.pipeline_simple_dq_rule (id, columns, name, expression, filter, fk_pipeline_simple_dq_id) VALUES ('1568623', 'zip_code', 'Pattern', '^[0-9]{5}(?:-[0-9]{4})?$', NULL, '1568613');
INSERT INTO metastore.pipeline_simple_dq_rule (id, columns, name, expression, filter, fk_pipeline_simple_dq_id) VALUES ('1568647', 'collision_id', 'Uniqueness', NULL, NULL, '1568642');
INSERT INTO metastore.pipeline_simple_dq_rule (id, columns, name, expression, filter, fk_pipeline_simple_dq_id) VALUES ('1568648', 'collision_id', 'Completeness', NULL, NULL, '1568642');
INSERT INTO metastore.pipeline_simple_dq_rule (id, columns, name, expression, filter, fk_pipeline_simple_dq_id) VALUES ('1568649', 'crash_date', 'Completeness', NULL, NULL, '1568642');
INSERT INTO metastore.pipeline_simple_dq_rule (id, columns, name, expression, filter, fk_pipeline_simple_dq_id) VALUES ('1568650', 'borough', 'Completeness', NULL, NULL, '1568642');
INSERT INTO metastore.pipeline_simple_dq_rule (id, columns, name, expression, filter, fk_pipeline_simple_dq_id) VALUES ('1568651', 'zip_code', 'Completeness', NULL, NULL, '1568642');
INSERT INTO metastore.pipeline_simple_dq_rule (id, columns, name, expression, filter, fk_pipeline_simple_dq_id) VALUES ('1568652', 'zip_code', 'Pattern', '^[0-9]{5}(?:-[0-9]{4})?$', NULL, '1568642');
INSERT INTO metastore.pipeline_coordinates (id, coordinates, fk_pipeline_relation_id) VALUES ('6c974d67-d2a5-4942-b2c9-a1800130cd22', '{"positions":[{"name":"sqltable_0","type":"SQLTable","xCord":"83px","yCord":"106px","isExpand":null},{"name":"sqltable_1","type":"SQLTable","xCord":"416px","yCord":"98px","isExpand":null},{"name":"join_2","type":"Join","xCord":"230px","yCord":"227px","isExpand":null}],"connections":[{"source":"sqltable_0","target":"join_2","targetType":0},{"source":"sqltable_1","target":"join_2","targetType":0}]}', '1569931');