INSERT INTO metastore.pipeline_container (id, name, case_sensitive_name, description, fk_organisation_id) VALUES ('1570321', 'order_pipeline', 'ORDER_PIPELINE', NULL, '1568338');
INSERT INTO metastore.pipeline_relation (id, name, case_sensitive_name, description, fk_pipeline_container_id) VALUES ('1570322', 'order_ff', 'order_ff', NULL, '1570321');
INSERT INTO metastore.pipeline_node (id, name, case_sensitive_name, description, fk_pipeline_relation_id, pipeline_type, sources) VALUES ('1570362', 'join_2', 'join_2', NULL, '1570322', 'JOIN', 'sqltable_order_order,sqltable_product');
INSERT INTO metastore.pipeline_node (id, name, case_sensitive_name, description, fk_pipeline_relation_id, pipeline_type, sources) VALUES ('1570353', 'sqltable_product', 'sqltable_product', NULL, '1570322', 'SQLTable', NULL);
INSERT INTO metastore.pipeline_node (id, name, case_sensitive_name, description, fk_pipeline_relation_id, pipeline_type, sources) VALUES ('1570323', 'sqltable_order_order', 'sqltable_order_order', NULL, '1570322', 'SQLTable', NULL);
INSERT INTO metastore.pipeline_sqltable (id, source_tables, sql_query) VALUES ('1570353', NULL, 'select * from my_test_db.product_catalog');
INSERT INTO metastore.pipeline_sqltable (id, source_tables, sql_query) VALUES ('1570323', NULL, 'select * from my_test_db.orders_order');
INSERT INTO metastore.pipeline_join (id, join_tables, join_predicate, filter_expression, order_by) VALUES ('1570362', 'sqltable_order_order,sqltable_product', '(sqltable_order_order.sku = sqltable_product.sku)', NULL, NULL);
INSERT INTO metastore.pipeline_node_schema (id, column_name, column_alias, data_type, sql_expression, fk_pipeline_node_id) VALUES ('1570361', 'MY_TEST_DB.product_catalog.stock_status', 'stock_status', '"string"', NULL, '1570353');
INSERT INTO metastore.pipeline_node_schema (id, column_name, column_alias, data_type, sql_expression, fk_pipeline_node_id) VALUES ('1570360', 'MY_TEST_DB.product_catalog.C1_Category', 'C1_Category', '"string"', NULL, '1570353');
INSERT INTO metastore.pipeline_node_schema (id, column_name, column_alias, data_type, sql_expression, fk_pipeline_node_id) VALUES ('1570359', 'MY_TEST_DB.product_catalog.category', 'category', '"string"', NULL, '1570353');
INSERT INTO metastore.pipeline_node_schema (id, column_name, column_alias, data_type, sql_expression, fk_pipeline_node_id) VALUES ('1570358', 'MY_TEST_DB.product_catalog.leaf_category', 'leaf_category', '"string"', NULL, '1570353');
INSERT INTO metastore.pipeline_node_schema (id, column_name, column_alias, data_type, sql_expression, fk_pipeline_node_id) VALUES ('1570357', 'MY_TEST_DB.product_catalog.brand', 'brand', '"string"', NULL, '1570353');
INSERT INTO metastore.pipeline_node_schema (id, column_name, column_alias, data_type, sql_expression, fk_pipeline_node_id) VALUES ('1570356', 'MY_TEST_DB.product_catalog.brand_type', 'brand_type', '"string"', NULL, '1570353');
INSERT INTO metastore.pipeline_node_schema (id, column_name, column_alias, data_type, sql_expression, fk_pipeline_node_id) VALUES ('1570355', 'MY_TEST_DB.product_catalog.sku_type', 'sku_type', '"string"', NULL, '1570353');
INSERT INTO metastore.pipeline_node_schema (id, column_name, column_alias, data_type, sql_expression, fk_pipeline_node_id) VALUES ('1570354', 'MY_TEST_DB.product_catalog.sku', 'sku', '"string"', NULL, '1570353');
INSERT INTO metastore.pipeline_node_schema (id, column_name, column_alias, data_type, sql_expression, fk_pipeline_node_id) VALUES ('1570352', 'MY_TEST_DB.orders_order.category_env', 'category_env', '"string"', NULL, '1570323');
INSERT INTO metastore.pipeline_node_schema (id, column_name, column_alias, data_type, sql_expression, fk_pipeline_node_id) VALUES ('1570351', 'MY_TEST_DB.orders_order.pincode', 'pincode', '"string"', NULL, '1570323');
INSERT INTO metastore.pipeline_node_schema (id, column_name, column_alias, data_type, sql_expression, fk_pipeline_node_id) VALUES ('1570350', 'MY_TEST_DB.orders_order.utm_medium', 'utm_medium', '"string"', NULL, '1570323');
INSERT INTO metastore.pipeline_node_schema (id, column_name, column_alias, data_type, sql_expression, fk_pipeline_node_id) VALUES ('1570349', 'MY_TEST_DB.orders_order.utm_campaign', 'utm_campaign', '"string"', NULL, '1570323');
INSERT INTO metastore.pipeline_node_schema (id, column_name, column_alias, data_type, sql_expression, fk_pipeline_node_id) VALUES ('1570348', 'MY_TEST_DB.orders_order.bulk_discount', 'bulk_discount', '"string"', NULL, '1570323');
INSERT INTO metastore.pipeline_node_schema (id, column_name, column_alias, data_type, sql_expression, fk_pipeline_node_id) VALUES ('1570347', 'MY_TEST_DB.orders_order.cod_charge', 'cod_charge', '"string"', NULL, '1570323');
INSERT INTO metastore.pipeline_node_schema (id, column_name, column_alias, data_type, sql_expression, fk_pipeline_node_id) VALUES ('1570346', 'MY_TEST_DB.orders_order.ib_cash_debit', 'ib_cash_debit', '"string"', NULL, '1570323');
INSERT INTO metastore.pipeline_node_schema (id, column_name, column_alias, data_type, sql_expression, fk_pipeline_node_id) VALUES ('1570345', 'MY_TEST_DB.orders_order.shipping_charge', 'shipping_charge', '"string"', NULL, '1570323');
INSERT INTO metastore.pipeline_node_schema (id, column_name, column_alias, data_type, sql_expression, fk_pipeline_node_id) VALUES ('1570344', 'MY_TEST_DB.orders_order.utm_source', 'utm_source', '"string"', NULL, '1570323');
INSERT INTO metastore.pipeline_node_schema (id, column_name, column_alias, data_type, sql_expression, fk_pipeline_node_id) VALUES ('1570343', 'MY_TEST_DB.orders_order.city', 'city', '"string"', NULL, '1570323');
INSERT INTO metastore.pipeline_node_schema (id, column_name, column_alias, data_type, sql_expression, fk_pipeline_node_id) VALUES ('1570342', 'MY_TEST_DB.orders_order.state', 'state', '"string"', NULL, '1570323');
INSERT INTO metastore.pipeline_node_schema (id, column_name, column_alias, data_type, sql_expression, fk_pipeline_node_id) VALUES ('1570341', 'MY_TEST_DB.orders_order.payment_mode', 'payment_mode', '"string"', NULL, '1570323');
INSERT INTO metastore.pipeline_node_schema (id, column_name, column_alias, data_type, sql_expression, fk_pipeline_node_id) VALUES ('1570340', 'MY_TEST_DB.orders_order.sku', 'sku', '"string"', NULL, '1570323');
INSERT INTO metastore.pipeline_node_schema (id, column_name, column_alias, data_type, sql_expression, fk_pipeline_node_id) VALUES ('1570339', 'MY_TEST_DB.orders_order.total_cp', 'total_cp', '"string"', NULL, '1570323');
INSERT INTO metastore.pipeline_node_schema (id, column_name, column_alias, data_type, sql_expression, fk_pipeline_node_id) VALUES ('1570338', 'MY_TEST_DB.orders_order.logical_cp', 'logical_cp', '"string"', NULL, '1570323');
INSERT INTO metastore.pipeline_node_schema (id, column_name, column_alias, data_type, sql_expression, fk_pipeline_node_id) VALUES ('1570337', 'MY_TEST_DB.orders_order.total', 'total', '"string"', NULL, '1570323');
INSERT INTO metastore.pipeline_node_schema (id, column_name, column_alias, data_type, sql_expression, fk_pipeline_node_id) VALUES ('1570336', 'MY_TEST_DB.orders_order.coupoun_discount', 'coupoun_discount', '"string"', NULL, '1570323');
INSERT INTO metastore.pipeline_node_schema (id, column_name, column_alias, data_type, sql_expression, fk_pipeline_node_id) VALUES ('1570335', 'MY_TEST_DB.orders_order.order_tax', 'order_tax', '"string"', NULL, '1570323');
INSERT INTO metastore.pipeline_node_schema (id, column_name, column_alias, data_type, sql_expression, fk_pipeline_node_id) VALUES ('1570334', 'MY_TEST_DB.orders_order.order_quantity', 'order_quantity', '"string"', NULL, '1570323');
INSERT INTO metastore.pipeline_node_schema (id, column_name, column_alias, data_type, sql_expression, fk_pipeline_node_id) VALUES ('1570333', 'MY_TEST_DB.orders_order.tax_inclusive_price', 'tax_inclusive_price', '"string"', NULL, '1570323');
INSERT INTO metastore.pipeline_node_schema (id, column_name, column_alias, data_type, sql_expression, fk_pipeline_node_id) VALUES ('1570332', 'MY_TEST_DB.orders_order.product_title', 'product_title', '"string"', NULL, '1570323');
INSERT INTO metastore.pipeline_node_schema (id, column_name, column_alias, data_type, sql_expression, fk_pipeline_node_id) VALUES ('1570331', 'MY_TEST_DB.orders_order.line_status', 'line_status', '"string"', NULL, '1570323');
INSERT INTO metastore.pipeline_node_schema (id, column_name, column_alias, data_type, sql_expression, fk_pipeline_node_id) VALUES ('1570330', 'MY_TEST_DB.orders_order.order_status', 'order_status', '"string"', NULL, '1570323');
INSERT INTO metastore.pipeline_node_schema (id, column_name, column_alias, data_type, sql_expression, fk_pipeline_node_id) VALUES ('1570329', 'MY_TEST_DB.orders_order.order_item_id', 'order_item_id', '"string"', NULL, '1570323');
INSERT INTO metastore.pipeline_node_schema (id, column_name, column_alias, data_type, sql_expression, fk_pipeline_node_id) VALUES ('1570328', 'MY_TEST_DB.orders_order.booked_device', 'booked_device', '"string"', NULL, '1570323');
INSERT INTO metastore.pipeline_node_schema (id, column_name, column_alias, data_type, sql_expression, fk_pipeline_node_id) VALUES ('1570327', 'MY_TEST_DB.orders_order.order_id', 'order_id', '"string"', NULL, '1570323');
INSERT INTO metastore.pipeline_node_schema (id, column_name, column_alias, data_type, sql_expression, fk_pipeline_node_id) VALUES ('1570326', 'MY_TEST_DB.orders_order.order_no_final', 'order_no_final', '"string"', NULL, '1570323');
INSERT INTO metastore.pipeline_node_schema (id, column_name, column_alias, data_type, sql_expression, fk_pipeline_node_id) VALUES ('1570325', 'MY_TEST_DB.orders_order.uid', 'uid', '"string"', NULL, '1570323');
INSERT INTO metastore.pipeline_node_schema (id, column_name, column_alias, data_type, sql_expression, fk_pipeline_node_id) VALUES ('1570324', 'MY_TEST_DB.orders_order.order_date', 'order_date', '"string"', NULL, '1570323');
INSERT INTO metastore.pipeline_node_schema (id, column_name, column_alias, data_type, sql_expression, fk_pipeline_node_id) VALUES ('1570399', 'sqltable_product.stock_status', 'sqltable_product_stock_status', '"string"', NULL, '1570362');
INSERT INTO metastore.pipeline_node_schema (id, column_name, column_alias, data_type, sql_expression, fk_pipeline_node_id) VALUES ('1570398', 'sqltable_product.C1_Category', 'sqltable_product_C1_Category', '"string"', NULL, '1570362');
INSERT INTO metastore.pipeline_node_schema (id, column_name, column_alias, data_type, sql_expression, fk_pipeline_node_id) VALUES ('1570397', 'sqltable_product.category', 'sqltable_product_category', '"string"', NULL, '1570362');
INSERT INTO metastore.pipeline_node_schema (id, column_name, column_alias, data_type, sql_expression, fk_pipeline_node_id) VALUES ('1570396', 'sqltable_product.leaf_category', 'sqltable_product_leaf_category', '"string"', NULL, '1570362');
INSERT INTO metastore.pipeline_node_schema (id, column_name, column_alias, data_type, sql_expression, fk_pipeline_node_id) VALUES ('1570395', 'sqltable_product.brand', 'sqltable_product_brand', '"string"', NULL, '1570362');
INSERT INTO metastore.pipeline_node_schema (id, column_name, column_alias, data_type, sql_expression, fk_pipeline_node_id) VALUES ('1570394', 'sqltable_product.brand_type', 'sqltable_product_brand_type', '"string"', NULL, '1570362');
INSERT INTO metastore.pipeline_node_schema (id, column_name, column_alias, data_type, sql_expression, fk_pipeline_node_id) VALUES ('1570393', 'sqltable_product.sku_type', 'sqltable_product_sku_type', '"string"', NULL, '1570362');
INSERT INTO metastore.pipeline_node_schema (id, column_name, column_alias, data_type, sql_expression, fk_pipeline_node_id) VALUES ('1570392', 'sqltable_product.sku', 'sqltable_product_sku', '"string"', NULL, '1570362');
INSERT INTO metastore.pipeline_node_schema (id, column_name, column_alias, data_type, sql_expression, fk_pipeline_node_id) VALUES ('1570391', 'sqltable_order_order.category_env', 'sqltable_order_order_category_env', '"string"', NULL, '1570362');
INSERT INTO metastore.pipeline_node_schema (id, column_name, column_alias, data_type, sql_expression, fk_pipeline_node_id) VALUES ('1570390', 'sqltable_order_order.pincode', 'sqltable_order_order_pincode', '"string"', NULL, '1570362');
INSERT INTO metastore.pipeline_node_schema (id, column_name, column_alias, data_type, sql_expression, fk_pipeline_node_id) VALUES ('1570389', 'sqltable_order_order.utm_medium', 'sqltable_order_order_utm_medium', '"string"', NULL, '1570362');
INSERT INTO metastore.pipeline_node_schema (id, column_name, column_alias, data_type, sql_expression, fk_pipeline_node_id) VALUES ('1570388', 'sqltable_order_order.utm_campaign', 'sqltable_order_order_utm_campaign', '"string"', NULL, '1570362');
INSERT INTO metastore.pipeline_node_schema (id, column_name, column_alias, data_type, sql_expression, fk_pipeline_node_id) VALUES ('1570387', 'sqltable_order_order.bulk_discount', 'sqltable_order_order_bulk_discount', '"string"', NULL, '1570362');
INSERT INTO metastore.pipeline_node_schema (id, column_name, column_alias, data_type, sql_expression, fk_pipeline_node_id) VALUES ('1570386', 'sqltable_order_order.cod_charge', 'sqltable_order_order_cod_charge', '"string"', NULL, '1570362');
INSERT INTO metastore.pipeline_node_schema (id, column_name, column_alias, data_type, sql_expression, fk_pipeline_node_id) VALUES ('1570385', 'sqltable_order_order.ib_cash_debit', 'sqltable_order_order_ib_cash_debit', '"string"', NULL, '1570362');
INSERT INTO metastore.pipeline_node_schema (id, column_name, column_alias, data_type, sql_expression, fk_pipeline_node_id) VALUES ('1570384', 'sqltable_order_order.shipping_charge', 'sqltable_order_order_shipping_charge', '"string"', NULL, '1570362');
INSERT INTO metastore.pipeline_node_schema (id, column_name, column_alias, data_type, sql_expression, fk_pipeline_node_id) VALUES ('1570383', 'sqltable_order_order.utm_source', 'sqltable_order_order_utm_source', '"string"', NULL, '1570362');
INSERT INTO metastore.pipeline_node_schema (id, column_name, column_alias, data_type, sql_expression, fk_pipeline_node_id) VALUES ('1570382', 'sqltable_order_order.city', 'sqltable_order_order_city', '"string"', NULL, '1570362');
INSERT INTO metastore.pipeline_node_schema (id, column_name, column_alias, data_type, sql_expression, fk_pipeline_node_id) VALUES ('1570381', 'sqltable_order_order.state', 'sqltable_order_order_state', '"string"', NULL, '1570362');
INSERT INTO metastore.pipeline_node_schema (id, column_name, column_alias, data_type, sql_expression, fk_pipeline_node_id) VALUES ('1570380', 'sqltable_order_order.payment_mode', 'sqltable_order_order_payment_mode', '"string"', NULL, '1570362');
INSERT INTO metastore.pipeline_node_schema (id, column_name, column_alias, data_type, sql_expression, fk_pipeline_node_id) VALUES ('1570379', 'sqltable_order_order.sku', 'sqltable_order_order_sku', '"string"', NULL, '1570362');
INSERT INTO metastore.pipeline_node_schema (id, column_name, column_alias, data_type, sql_expression, fk_pipeline_node_id) VALUES ('1570378', 'sqltable_order_order.total_cp', 'sqltable_order_order_total_cp', '"string"', NULL, '1570362');
INSERT INTO metastore.pipeline_node_schema (id, column_name, column_alias, data_type, sql_expression, fk_pipeline_node_id) VALUES ('1570377', 'sqltable_order_order.logical_cp', 'sqltable_order_order_logical_cp', '"string"', NULL, '1570362');
INSERT INTO metastore.pipeline_node_schema (id, column_name, column_alias, data_type, sql_expression, fk_pipeline_node_id) VALUES ('1570376', 'sqltable_order_order.total', 'sqltable_order_order_total', '"string"', NULL, '1570362');
INSERT INTO metastore.pipeline_node_schema (id, column_name, column_alias, data_type, sql_expression, fk_pipeline_node_id) VALUES ('1570375', 'sqltable_order_order.coupoun_discount', 'sqltable_order_order_coupoun_discount', '"string"', NULL, '1570362');
INSERT INTO metastore.pipeline_node_schema (id, column_name, column_alias, data_type, sql_expression, fk_pipeline_node_id) VALUES ('1570374', 'sqltable_order_order.order_tax', 'sqltable_order_order_order_tax', '"string"', NULL, '1570362');
INSERT INTO metastore.pipeline_node_schema (id, column_name, column_alias, data_type, sql_expression, fk_pipeline_node_id) VALUES ('1570373', 'sqltable_order_order.order_quantity', 'sqltable_order_order_order_quantity', '"string"', NULL, '1570362');
INSERT INTO metastore.pipeline_node_schema (id, column_name, column_alias, data_type, sql_expression, fk_pipeline_node_id) VALUES ('1570372', 'sqltable_order_order.tax_inclusive_price', 'sqltable_order_order_tax_inclusive_price', '"string"', NULL, '1570362');
INSERT INTO metastore.pipeline_node_schema (id, column_name, column_alias, data_type, sql_expression, fk_pipeline_node_id) VALUES ('1570371', 'sqltable_order_order.product_title', 'sqltable_order_order_product_title', '"string"', NULL, '1570362');
INSERT INTO metastore.pipeline_node_schema (id, column_name, column_alias, data_type, sql_expression, fk_pipeline_node_id) VALUES ('1570370', 'sqltable_order_order.line_status', 'sqltable_order_order_line_status', '"string"', NULL, '1570362');
INSERT INTO metastore.pipeline_node_schema (id, column_name, column_alias, data_type, sql_expression, fk_pipeline_node_id) VALUES ('1570369', 'sqltable_order_order.order_status', 'sqltable_order_order_order_status', '"string"', NULL, '1570362');
INSERT INTO metastore.pipeline_node_schema (id, column_name, column_alias, data_type, sql_expression, fk_pipeline_node_id) VALUES ('1570368', 'sqltable_order_order.order_item_id', 'sqltable_order_order_order_item_id', '"string"', NULL, '1570362');
INSERT INTO metastore.pipeline_node_schema (id, column_name, column_alias, data_type, sql_expression, fk_pipeline_node_id) VALUES ('1570367', 'sqltable_order_order.booked_device', 'sqltable_order_order_booked_device', '"string"', NULL, '1570362');
INSERT INTO metastore.pipeline_node_schema (id, column_name, column_alias, data_type, sql_expression, fk_pipeline_node_id) VALUES ('1570366', 'sqltable_order_order.order_id', 'sqltable_order_order_order_id', '"string"', NULL, '1570362');
INSERT INTO metastore.pipeline_node_schema (id, column_name, column_alias, data_type, sql_expression, fk_pipeline_node_id) VALUES ('1570365', 'sqltable_order_order.order_no_final', 'sqltable_order_order_order_no_final', '"string"', NULL, '1570362');
INSERT INTO metastore.pipeline_node_schema (id, column_name, column_alias, data_type, sql_expression, fk_pipeline_node_id) VALUES ('1570364', 'sqltable_order_order.uid', 'sqltable_order_order_uid', '"string"', NULL, '1570362');
INSERT INTO metastore.pipeline_node_schema (id, column_name, column_alias, data_type, sql_expression, fk_pipeline_node_id) VALUES ('1570363', 'sqltable_order_order.order_date', 'sqltable_order_order_order_date', '"string"', NULL, '1570362');
INSERT INTO metastore.pipeline_coordinates (id, coordinates, fk_pipeline_relation_id) VALUES ('e7295c8b-3635-4fc0-802d-e33e093a9a96', '{"positions":[{"name":"sqltable_order_order","type":"SQLTable","xCord":"64px","yCord":"28px","isExpand":null},{"name":"sqltable_product","type":"SQLTable","xCord":"59px","yCord":"154px","isExpand":null},{"name":"join_2","type":"Join","xCord":"220px","yCord":"139px","isExpand":null}],"connections":[{"source":"sqltable_order_order","target":"join_2","targetType":0},{"source":"sqltable_product","target":"join_2","targetType":0}]}', '1570322');