INSERT INTO metastore.pipeline_container (id, name, case_sensitive_name, description, fk_organisation_id) VALUES ('1570472', 'tirtho_test', 'TIRTHO_TEST', NULL, '1568338');
INSERT INTO metastore.pipeline_relation (id, name, case_sensitive_name, description, fk_pipeline_container_id) VALUES ('1579084', 'test2', 'test2', NULL, '1570472');
INSERT INTO metastore.pipeline_relation (id, name, case_sensitive_name, description, fk_pipeline_container_id) VALUES ('1570621', 'tirtho_pipeline', 'tirtho_pipeline', NULL, '1570472');
INSERT INTO metastore.pipeline_node (id, name, case_sensitive_name, description, fk_pipeline_relation_id, pipeline_type, sources) VALUES ('1571788', 'crash', 'crash', NULL, '1570621', 'SQLTable', NULL);
INSERT INTO metastore.pipeline_node (id, name, case_sensitive_name, description, fk_pipeline_relation_id, pipeline_type, sources) VALUES ('1571819', 'vehicle', 'vehicle', NULL, '1570621', 'SQLTable', NULL);
INSERT INTO metastore.pipeline_node (id, name, case_sensitive_name, description, fk_pipeline_relation_id, pipeline_type, sources) VALUES ('1571845', 'join_5', 'join_5', NULL, '1570621', 'JOIN', 'crash,vehicle');
INSERT INTO metastore.pipeline_node (id, name, case_sensitive_name, description, fk_pipeline_relation_id, pipeline_type, sources) VALUES ('1571901', 'jdbcsink_0', 'jdbcsink_0', NULL, '1570621', 'SINK', 'join_5');
INSERT INTO metastore.pipeline_node (id, name, case_sensitive_name, description, fk_pipeline_relation_id, pipeline_type, sources) VALUES ('1579085', 'ny_weather_nyc_weather', 'ny_weather_nyc_weather', NULL, '1579084', 'DATASOURCE', 'NY_WEATHER.nyc_weather');
INSERT INTO metastore.pipeline_node (id, name, case_sensitive_name, description, fk_pipeline_relation_id, pipeline_type, sources) VALUES ('1579110', 'projection_0', 'projection_0', NULL, '1579084', 'PROJECTION', 'ny_weather_nyc_weather');
INSERT INTO metastore.pipeline_sqltable (id, source_tables, sql_query) VALUES ('1571788', NULL, 'SELECT * from NYC_Data.crash');
INSERT INTO metastore.pipeline_sqltable (id, source_tables, sql_query) VALUES ('1571819', NULL, 'select * from NYC_Data.vehicle');
INSERT INTO metastore.pipeline_datasource (id, datasource_table) VALUES ('1579085', '`NY_WEATHER`.`nyc_weather`');
INSERT INTO metastore.pipeline_join (id, join_tables, join_predicate, filter_expression, order_by) VALUES ('1571845', 'crash,vehicle', '(vehicle.collision_id(+) = crash.collision_id)', NULL, NULL);
INSERT INTO metastore.pipeline_node_property (id, property_key, property_value, fk_pipeline_node_id) VALUES ('1571906', 'delimiter', ',', '1571901');
INSERT INTO metastore.pipeline_node_property (id, property_key, property_value, fk_pipeline_node_id) VALUES ('1571905', 'format', 'csv', '1571901');
INSERT INTO metastore.pipeline_node_property (id, property_key, property_value, fk_pipeline_node_id) VALUES ('1571904', 'storage', 'dffs', '1571901');
INSERT INTO metastore.pipeline_node_property (id, property_key, property_value, fk_pipeline_node_id) VALUES ('1571903', 'mode', 'append', '1571901');
INSERT INTO metastore.pipeline_node_property (id, property_key, property_value, fk_pipeline_node_id) VALUES ('1571902', 'path', 'tirtho/sink_data', '1571901');
INSERT INTO metastore.pipeline_node_schema (id, column_name, column_alias, data_type, sql_expression, fk_pipeline_node_id) VALUES ('1579086', 'name', NULL, 'string', NULL, '1579085');
INSERT INTO metastore.pipeline_node_schema (id, column_name, column_alias, data_type, sql_expression, fk_pipeline_node_id) VALUES ('1579087', 'datetime', NULL, 'timestamp', NULL, '1579085');
INSERT INTO metastore.pipeline_node_schema (id, column_name, column_alias, data_type, sql_expression, fk_pipeline_node_id) VALUES ('1579088', 'temp', NULL, 'decimal(38,18)', NULL, '1579085');
INSERT INTO metastore.pipeline_node_schema (id, column_name, column_alias, data_type, sql_expression, fk_pipeline_node_id) VALUES ('1579089', 'feelslike', NULL, 'decimal(38,18)', NULL, '1579085');
INSERT INTO metastore.pipeline_node_schema (id, column_name, column_alias, data_type, sql_expression, fk_pipeline_node_id) VALUES ('1579090', 'dew', NULL, 'decimal(38,18)', NULL, '1579085');
INSERT INTO metastore.pipeline_node_schema (id, column_name, column_alias, data_type, sql_expression, fk_pipeline_node_id) VALUES ('1579091', 'humidity', NULL, 'decimal(38,18)', NULL, '1579085');
INSERT INTO metastore.pipeline_node_schema (id, column_name, column_alias, data_type, sql_expression, fk_pipeline_node_id) VALUES ('1579092', 'precip', NULL, 'decimal(38,18)', NULL, '1579085');
INSERT INTO metastore.pipeline_node_schema (id, column_name, column_alias, data_type, sql_expression, fk_pipeline_node_id) VALUES ('1579093', 'precipprob', NULL, 'decimal(38,18)', NULL, '1579085');
INSERT INTO metastore.pipeline_node_schema (id, column_name, column_alias, data_type, sql_expression, fk_pipeline_node_id) VALUES ('1579094', 'preciptype', NULL, 'string', NULL, '1579085');
INSERT INTO metastore.pipeline_node_schema (id, column_name, column_alias, data_type, sql_expression, fk_pipeline_node_id) VALUES ('1579095', 'snow', NULL, 'decimal(38,18)', NULL, '1579085');
INSERT INTO metastore.pipeline_node_schema (id, column_name, column_alias, data_type, sql_expression, fk_pipeline_node_id) VALUES ('1579096', 'snowdepth', NULL, 'decimal(38,18)', NULL, '1579085');
INSERT INTO metastore.pipeline_node_schema (id, column_name, column_alias, data_type, sql_expression, fk_pipeline_node_id) VALUES ('1579097', 'windgust', NULL, 'decimal(38,18)', NULL, '1579085');
INSERT INTO metastore.pipeline_node_schema (id, column_name, column_alias, data_type, sql_expression, fk_pipeline_node_id) VALUES ('1579098', 'windspeed', NULL, 'decimal(38,18)', NULL, '1579085');
INSERT INTO metastore.pipeline_node_schema (id, column_name, column_alias, data_type, sql_expression, fk_pipeline_node_id) VALUES ('1579099', 'winddir', NULL, 'decimal(38,18)', NULL, '1579085');
INSERT INTO metastore.pipeline_node_schema (id, column_name, column_alias, data_type, sql_expression, fk_pipeline_node_id) VALUES ('1579100', 'sealevelpressure', NULL, 'decimal(38,18)', NULL, '1579085');
INSERT INTO metastore.pipeline_node_schema (id, column_name, column_alias, data_type, sql_expression, fk_pipeline_node_id) VALUES ('1579101', 'cloudcover', NULL, 'decimal(38,18)', NULL, '1579085');
INSERT INTO metastore.pipeline_node_schema (id, column_name, column_alias, data_type, sql_expression, fk_pipeline_node_id) VALUES ('1579102', 'visibility', NULL, 'decimal(38,18)', NULL, '1579085');
INSERT INTO metastore.pipeline_node_schema (id, column_name, column_alias, data_type, sql_expression, fk_pipeline_node_id) VALUES ('1579103', 'solarradiation', NULL, 'decimal(38,18)', NULL, '1579085');
INSERT INTO metastore.pipeline_node_schema (id, column_name, column_alias, data_type, sql_expression, fk_pipeline_node_id) VALUES ('1579104', 'solarenergy', NULL, 'decimal(38,18)', NULL, '1579085');
INSERT INTO metastore.pipeline_node_schema (id, column_name, column_alias, data_type, sql_expression, fk_pipeline_node_id) VALUES ('1579105', 'uvindex', NULL, 'int', NULL, '1579085');
INSERT INTO metastore.pipeline_node_schema (id, column_name, column_alias, data_type, sql_expression, fk_pipeline_node_id) VALUES ('1579106', 'severerisk', NULL, 'int', NULL, '1579085');
INSERT INTO metastore.pipeline_node_schema (id, column_name, column_alias, data_type, sql_expression, fk_pipeline_node_id) VALUES ('1579107', 'conditions', NULL, 'string', NULL, '1579085');
INSERT INTO metastore.pipeline_node_schema (id, column_name, column_alias, data_type, sql_expression, fk_pipeline_node_id) VALUES ('1579108', 'icon', NULL, 'string', NULL, '1579085');
INSERT INTO metastore.pipeline_node_schema (id, column_name, column_alias, data_type, sql_expression, fk_pipeline_node_id) VALUES ('1579109', 'stations', NULL, 'string', NULL, '1579085');
INSERT INTO metastore.pipeline_node_schema (id, column_name, column_alias, data_type, sql_expression, fk_pipeline_node_id) VALUES ('1571789', 'NY_VEHICLE_COLLISIONS.crash.crash_date', 'crash_date', '"date"', NULL, '1571788');
INSERT INTO metastore.pipeline_node_schema (id, column_name, column_alias, data_type, sql_expression, fk_pipeline_node_id) VALUES ('1571790', 'NY_VEHICLE_COLLISIONS.crash.crash_time', 'crash_time', '"timestamp"', NULL, '1571788');
INSERT INTO metastore.pipeline_node_schema (id, column_name, column_alias, data_type, sql_expression, fk_pipeline_node_id) VALUES ('1571791', 'NY_VEHICLE_COLLISIONS.crash.borough', 'borough', '"string"', NULL, '1571788');
INSERT INTO metastore.pipeline_node_schema (id, column_name, column_alias, data_type, sql_expression, fk_pipeline_node_id) VALUES ('1571792', 'NY_VEHICLE_COLLISIONS.crash.zip_code', 'zip_code', '"string"', NULL, '1571788');
INSERT INTO metastore.pipeline_node_schema (id, column_name, column_alias, data_type, sql_expression, fk_pipeline_node_id) VALUES ('1571793', 'NY_VEHICLE_COLLISIONS.crash.latitude', 'latitude', '"decimal(38,18)"', NULL, '1571788');
INSERT INTO metastore.pipeline_node_schema (id, column_name, column_alias, data_type, sql_expression, fk_pipeline_node_id) VALUES ('1571794', 'NY_VEHICLE_COLLISIONS.crash.longitude', 'longitude', '"decimal(38,18)"', NULL, '1571788');
INSERT INTO metastore.pipeline_node_schema (id, column_name, column_alias, data_type, sql_expression, fk_pipeline_node_id) VALUES ('1571795', 'NY_VEHICLE_COLLISIONS.crash.location', 'location', '"string"', NULL, '1571788');
INSERT INTO metastore.pipeline_node_schema (id, column_name, column_alias, data_type, sql_expression, fk_pipeline_node_id) VALUES ('1571796', 'NY_VEHICLE_COLLISIONS.crash.on_street_name', 'on_street_name', '"string"', NULL, '1571788');
INSERT INTO metastore.pipeline_node_schema (id, column_name, column_alias, data_type, sql_expression, fk_pipeline_node_id) VALUES ('1571797', 'NY_VEHICLE_COLLISIONS.crash.cross_street_name', 'cross_street_name', '"string"', NULL, '1571788');
INSERT INTO metastore.pipeline_node_schema (id, column_name, column_alias, data_type, sql_expression, fk_pipeline_node_id) VALUES ('1571798', 'NY_VEHICLE_COLLISIONS.crash.off_street_name', 'off_street_name', '"string"', NULL, '1571788');
INSERT INTO metastore.pipeline_node_schema (id, column_name, column_alias, data_type, sql_expression, fk_pipeline_node_id) VALUES ('1571799', 'NY_VEHICLE_COLLISIONS.crash.number_of_persons_injured', 'number_of_persons_injured', '"integer"', NULL, '1571788');
INSERT INTO metastore.pipeline_node_schema (id, column_name, column_alias, data_type, sql_expression, fk_pipeline_node_id) VALUES ('1571800', 'NY_VEHICLE_COLLISIONS.crash.number_of_persons_killed', 'number_of_persons_killed', '"integer"', NULL, '1571788');
INSERT INTO metastore.pipeline_node_schema (id, column_name, column_alias, data_type, sql_expression, fk_pipeline_node_id) VALUES ('1571801', 'NY_VEHICLE_COLLISIONS.crash.number_of_pedestrians_injured', 'number_of_pedestrians_injured', '"integer"', NULL, '1571788');
INSERT INTO metastore.pipeline_node_schema (id, column_name, column_alias, data_type, sql_expression, fk_pipeline_node_id) VALUES ('1571802', 'NY_VEHICLE_COLLISIONS.crash.number_of_pedestrians_killed', 'number_of_pedestrians_killed', '"integer"', NULL, '1571788');
INSERT INTO metastore.pipeline_node_schema (id, column_name, column_alias, data_type, sql_expression, fk_pipeline_node_id) VALUES ('1571803', 'NY_VEHICLE_COLLISIONS.crash.number_of_cyclist_injured', 'number_of_cyclist_injured', '"integer"', NULL, '1571788');
INSERT INTO metastore.pipeline_node_schema (id, column_name, column_alias, data_type, sql_expression, fk_pipeline_node_id) VALUES ('1571804', 'NY_VEHICLE_COLLISIONS.crash.number_of_cyclist_killed', 'number_of_cyclist_killed', '"integer"', NULL, '1571788');
INSERT INTO metastore.pipeline_node_schema (id, column_name, column_alias, data_type, sql_expression, fk_pipeline_node_id) VALUES ('1571805', 'NY_VEHICLE_COLLISIONS.crash.number_of_motorist_injured', 'number_of_motorist_injured', '"integer"', NULL, '1571788');
INSERT INTO metastore.pipeline_node_schema (id, column_name, column_alias, data_type, sql_expression, fk_pipeline_node_id) VALUES ('1571806', 'NY_VEHICLE_COLLISIONS.crash.number_of_motorist_killed', 'number_of_motorist_killed', '"integer"', NULL, '1571788');
INSERT INTO metastore.pipeline_node_schema (id, column_name, column_alias, data_type, sql_expression, fk_pipeline_node_id) VALUES ('1571807', 'NY_VEHICLE_COLLISIONS.crash.contributing_factor_vehicle_1', 'contributing_factor_vehicle_1', '"string"', NULL, '1571788');
INSERT INTO metastore.pipeline_node_schema (id, column_name, column_alias, data_type, sql_expression, fk_pipeline_node_id) VALUES ('1571808', 'NY_VEHICLE_COLLISIONS.crash.contributing_factor_vehicle_2', 'contributing_factor_vehicle_2', '"string"', NULL, '1571788');
INSERT INTO metastore.pipeline_node_schema (id, column_name, column_alias, data_type, sql_expression, fk_pipeline_node_id) VALUES ('1571809', 'NY_VEHICLE_COLLISIONS.crash.contributing_factor_vehicle_3', 'contributing_factor_vehicle_3', '"string"', NULL, '1571788');
INSERT INTO metastore.pipeline_node_schema (id, column_name, column_alias, data_type, sql_expression, fk_pipeline_node_id) VALUES ('1571810', 'NY_VEHICLE_COLLISIONS.crash.contributing_factor_vehicle_4', 'contributing_factor_vehicle_4', '"string"', NULL, '1571788');
INSERT INTO metastore.pipeline_node_schema (id, column_name, column_alias, data_type, sql_expression, fk_pipeline_node_id) VALUES ('1571811', 'NY_VEHICLE_COLLISIONS.crash.contributing_factor_vehicle_5', 'contributing_factor_vehicle_5', '"string"', NULL, '1571788');
INSERT INTO metastore.pipeline_node_schema (id, column_name, column_alias, data_type, sql_expression, fk_pipeline_node_id) VALUES ('1571812', 'NY_VEHICLE_COLLISIONS.crash.collision_id', 'collision_id', '"integer"', NULL, '1571788');
INSERT INTO metastore.pipeline_node_schema (id, column_name, column_alias, data_type, sql_expression, fk_pipeline_node_id) VALUES ('1571813', 'NY_VEHICLE_COLLISIONS.crash.vehicle_type_code_1', 'vehicle_type_code_1', '"string"', NULL, '1571788');
INSERT INTO metastore.pipeline_node_schema (id, column_name, column_alias, data_type, sql_expression, fk_pipeline_node_id) VALUES ('1571814', 'NY_VEHICLE_COLLISIONS.crash.vehicle_type_code_2', 'vehicle_type_code_2', '"string"', NULL, '1571788');
INSERT INTO metastore.pipeline_node_schema (id, column_name, column_alias, data_type, sql_expression, fk_pipeline_node_id) VALUES ('1571815', 'NY_VEHICLE_COLLISIONS.crash.vehicle_type_code_3', 'vehicle_type_code_3', '"string"', NULL, '1571788');
INSERT INTO metastore.pipeline_node_schema (id, column_name, column_alias, data_type, sql_expression, fk_pipeline_node_id) VALUES ('1571816', 'NY_VEHICLE_COLLISIONS.crash.vehicle_type_code_4', 'vehicle_type_code_4', '"string"', NULL, '1571788');
INSERT INTO metastore.pipeline_node_schema (id, column_name, column_alias, data_type, sql_expression, fk_pipeline_node_id) VALUES ('1571817', 'NY_VEHICLE_COLLISIONS.crash.vehicle_type_code_5', 'vehicle_type_code_5', '"string"', NULL, '1571788');
INSERT INTO metastore.pipeline_node_schema (id, column_name, column_alias, data_type, sql_expression, fk_pipeline_node_id) VALUES ('1571818', 'NY_VEHICLE_COLLISIONS.crash.foo', 'foo', '"string"', NULL, '1571788');
INSERT INTO metastore.pipeline_node_schema (id, column_name, column_alias, data_type, sql_expression, fk_pipeline_node_id) VALUES ('1571820', 'NY_VEHICLE_COLLISIONS.vehicle.unique_id', 'unique_id', '"integer"', NULL, '1571819');
INSERT INTO metastore.pipeline_node_schema (id, column_name, column_alias, data_type, sql_expression, fk_pipeline_node_id) VALUES ('1571821', 'NY_VEHICLE_COLLISIONS.vehicle.collision_id', 'collision_id', '"integer"', NULL, '1571819');
INSERT INTO metastore.pipeline_node_schema (id, column_name, column_alias, data_type, sql_expression, fk_pipeline_node_id) VALUES ('1571822', 'NY_VEHICLE_COLLISIONS.vehicle.crash_date', 'crash_date', '"date"', NULL, '1571819');
INSERT INTO metastore.pipeline_node_schema (id, column_name, column_alias, data_type, sql_expression, fk_pipeline_node_id) VALUES ('1571823', 'NY_VEHICLE_COLLISIONS.vehicle.crash_time', 'crash_time', '"timestamp"', NULL, '1571819');
INSERT INTO metastore.pipeline_node_schema (id, column_name, column_alias, data_type, sql_expression, fk_pipeline_node_id) VALUES ('1571824', 'NY_VEHICLE_COLLISIONS.vehicle.vehicle_id', 'vehicle_id', '"string"', NULL, '1571819');
INSERT INTO metastore.pipeline_node_schema (id, column_name, column_alias, data_type, sql_expression, fk_pipeline_node_id) VALUES ('1571825', 'NY_VEHICLE_COLLISIONS.vehicle.state_registration', 'state_registration', '"string"', NULL, '1571819');
INSERT INTO metastore.pipeline_node_schema (id, column_name, column_alias, data_type, sql_expression, fk_pipeline_node_id) VALUES ('1571826', 'NY_VEHICLE_COLLISIONS.vehicle.vehicle_type', 'vehicle_type', '"string"', NULL, '1571819');
INSERT INTO metastore.pipeline_node_schema (id, column_name, column_alias, data_type, sql_expression, fk_pipeline_node_id) VALUES ('1571827', 'NY_VEHICLE_COLLISIONS.vehicle.contributing_factor_1', 'contributing_factor_1', '"string"', NULL, '1571819');
INSERT INTO metastore.pipeline_node_schema (id, column_name, column_alias, data_type, sql_expression, fk_pipeline_node_id) VALUES ('1571828', 'NY_VEHICLE_COLLISIONS.vehicle.vehicle_make', 'vehicle_make', '"string"', NULL, '1571819');
INSERT INTO metastore.pipeline_node_schema (id, column_name, column_alias, data_type, sql_expression, fk_pipeline_node_id) VALUES ('1571829', 'NY_VEHICLE_COLLISIONS.vehicle.vehicle_year', 'vehicle_year', '"integer"', NULL, '1571819');
INSERT INTO metastore.pipeline_node_schema (id, column_name, column_alias, data_type, sql_expression, fk_pipeline_node_id) VALUES ('1571830', 'NY_VEHICLE_COLLISIONS.vehicle.travel_direction', 'travel_direction', '"string"', NULL, '1571819');
INSERT INTO metastore.pipeline_node_schema (id, column_name, column_alias, data_type, sql_expression, fk_pipeline_node_id) VALUES ('1571831', 'NY_VEHICLE_COLLISIONS.vehicle.vehicle_occupants', 'vehicle_occupants', '"integer"', NULL, '1571819');
INSERT INTO metastore.pipeline_node_schema (id, column_name, column_alias, data_type, sql_expression, fk_pipeline_node_id) VALUES ('1571832', 'NY_VEHICLE_COLLISIONS.vehicle.driver_sex', 'driver_sex', '"string"', NULL, '1571819');
INSERT INTO metastore.pipeline_node_schema (id, column_name, column_alias, data_type, sql_expression, fk_pipeline_node_id) VALUES ('1571833', 'NY_VEHICLE_COLLISIONS.vehicle.driver_license_status', 'driver_license_status', '"string"', NULL, '1571819');
INSERT INTO metastore.pipeline_node_schema (id, column_name, column_alias, data_type, sql_expression, fk_pipeline_node_id) VALUES ('1571834', 'NY_VEHICLE_COLLISIONS.vehicle.driver_license_jurisdiction', 'driver_license_jurisdiction', '"string"', NULL, '1571819');
INSERT INTO metastore.pipeline_node_schema (id, column_name, column_alias, data_type, sql_expression, fk_pipeline_node_id) VALUES ('1571835', 'NY_VEHICLE_COLLISIONS.vehicle.pre_crash', 'pre_crash', '"string"', NULL, '1571819');
INSERT INTO metastore.pipeline_node_schema (id, column_name, column_alias, data_type, sql_expression, fk_pipeline_node_id) VALUES ('1571836', 'NY_VEHICLE_COLLISIONS.vehicle.point_of_impact', 'point_of_impact', '"string"', NULL, '1571819');
INSERT INTO metastore.pipeline_node_schema (id, column_name, column_alias, data_type, sql_expression, fk_pipeline_node_id) VALUES ('1571837', 'NY_VEHICLE_COLLISIONS.vehicle.vehicle_damage', 'vehicle_damage', '"string"', NULL, '1571819');
INSERT INTO metastore.pipeline_node_schema (id, column_name, column_alias, data_type, sql_expression, fk_pipeline_node_id) VALUES ('1571838', 'NY_VEHICLE_COLLISIONS.vehicle.public_property_damage', 'public_property_damage', '"string"', NULL, '1571819');
INSERT INTO metastore.pipeline_node_schema (id, column_name, column_alias, data_type, sql_expression, fk_pipeline_node_id) VALUES ('1571839', 'NY_VEHICLE_COLLISIONS.vehicle.contributing_factor_2', 'contributing_factor_2', '"string"', NULL, '1571819');
INSERT INTO metastore.pipeline_node_schema (id, column_name, column_alias, data_type, sql_expression, fk_pipeline_node_id) VALUES ('1571840', 'NY_VEHICLE_COLLISIONS.vehicle.vehicle_damage_1', 'vehicle_damage_1', '"string"', NULL, '1571819');
INSERT INTO metastore.pipeline_node_schema (id, column_name, column_alias, data_type, sql_expression, fk_pipeline_node_id) VALUES ('1571841', 'NY_VEHICLE_COLLISIONS.vehicle.vehicle_damage_2', 'vehicle_damage_2', '"string"', NULL, '1571819');
INSERT INTO metastore.pipeline_node_schema (id, column_name, column_alias, data_type, sql_expression, fk_pipeline_node_id) VALUES ('1571842', 'NY_VEHICLE_COLLISIONS.vehicle.vehicle_damage_3', 'vehicle_damage_3', '"string"', NULL, '1571819');
INSERT INTO metastore.pipeline_node_schema (id, column_name, column_alias, data_type, sql_expression, fk_pipeline_node_id) VALUES ('1571843', 'NY_VEHICLE_COLLISIONS.vehicle.vehicle_model', 'vehicle_model', '"string"', NULL, '1571819');
INSERT INTO metastore.pipeline_node_schema (id, column_name, column_alias, data_type, sql_expression, fk_pipeline_node_id) VALUES ('1571844', 'NY_VEHICLE_COLLISIONS.vehicle.public_property_damage_type', 'public_property_damage_type', '"string"', NULL, '1571819');
INSERT INTO metastore.pipeline_node_schema (id, column_name, column_alias, data_type, sql_expression, fk_pipeline_node_id) VALUES ('1571846', 'crash.crash_date', 'crash_crash_date', '"date"', NULL, '1571845');
INSERT INTO metastore.pipeline_node_schema (id, column_name, column_alias, data_type, sql_expression, fk_pipeline_node_id) VALUES ('1571847', 'crash.crash_time', 'crash_crash_time', '"timestamp"', NULL, '1571845');
INSERT INTO metastore.pipeline_node_schema (id, column_name, column_alias, data_type, sql_expression, fk_pipeline_node_id) VALUES ('1571848', 'crash.borough', 'crash_borough', '"string"', NULL, '1571845');
INSERT INTO metastore.pipeline_node_schema (id, column_name, column_alias, data_type, sql_expression, fk_pipeline_node_id) VALUES ('1571849', 'crash.zip_code', 'crash_zip_code', '"string"', NULL, '1571845');
INSERT INTO metastore.pipeline_node_schema (id, column_name, column_alias, data_type, sql_expression, fk_pipeline_node_id) VALUES ('1571850', 'crash.latitude', 'crash_latitude', '"decimal(38,18)"', NULL, '1571845');
INSERT INTO metastore.pipeline_node_schema (id, column_name, column_alias, data_type, sql_expression, fk_pipeline_node_id) VALUES ('1571851', 'crash.longitude', 'crash_longitude', '"decimal(38,18)"', NULL, '1571845');
INSERT INTO metastore.pipeline_node_schema (id, column_name, column_alias, data_type, sql_expression, fk_pipeline_node_id) VALUES ('1571852', 'crash.location', 'crash_location', '"string"', NULL, '1571845');
INSERT INTO metastore.pipeline_node_schema (id, column_name, column_alias, data_type, sql_expression, fk_pipeline_node_id) VALUES ('1571853', 'crash.on_street_name', 'crash_on_street_name', '"string"', NULL, '1571845');
INSERT INTO metastore.pipeline_node_schema (id, column_name, column_alias, data_type, sql_expression, fk_pipeline_node_id) VALUES ('1571854', 'crash.cross_street_name', 'crash_cross_street_name', '"string"', NULL, '1571845');
INSERT INTO metastore.pipeline_node_schema (id, column_name, column_alias, data_type, sql_expression, fk_pipeline_node_id) VALUES ('1571855', 'crash.off_street_name', 'crash_off_street_name', '"string"', NULL, '1571845');
INSERT INTO metastore.pipeline_node_schema (id, column_name, column_alias, data_type, sql_expression, fk_pipeline_node_id) VALUES ('1571856', 'crash.number_of_persons_injured', 'crash_number_of_persons_injured', '"integer"', NULL, '1571845');
INSERT INTO metastore.pipeline_node_schema (id, column_name, column_alias, data_type, sql_expression, fk_pipeline_node_id) VALUES ('1571857', 'crash.number_of_persons_killed', 'crash_number_of_persons_killed', '"integer"', NULL, '1571845');
INSERT INTO metastore.pipeline_node_schema (id, column_name, column_alias, data_type, sql_expression, fk_pipeline_node_id) VALUES ('1571858', 'crash.number_of_pedestrians_injured', 'crash_number_of_pedestrians_injured', '"integer"', NULL, '1571845');
INSERT INTO metastore.pipeline_node_schema (id, column_name, column_alias, data_type, sql_expression, fk_pipeline_node_id) VALUES ('1571859', 'crash.number_of_pedestrians_killed', 'crash_number_of_pedestrians_killed', '"integer"', NULL, '1571845');
INSERT INTO metastore.pipeline_node_schema (id, column_name, column_alias, data_type, sql_expression, fk_pipeline_node_id) VALUES ('1571860', 'crash.number_of_cyclist_injured', 'crash_number_of_cyclist_injured', '"integer"', NULL, '1571845');
INSERT INTO metastore.pipeline_node_schema (id, column_name, column_alias, data_type, sql_expression, fk_pipeline_node_id) VALUES ('1571861', 'crash.number_of_cyclist_killed', 'crash_number_of_cyclist_killed', '"integer"', NULL, '1571845');
INSERT INTO metastore.pipeline_node_schema (id, column_name, column_alias, data_type, sql_expression, fk_pipeline_node_id) VALUES ('1571862', 'crash.number_of_motorist_injured', 'crash_number_of_motorist_injured', '"integer"', NULL, '1571845');
INSERT INTO metastore.pipeline_node_schema (id, column_name, column_alias, data_type, sql_expression, fk_pipeline_node_id) VALUES ('1571863', 'crash.number_of_motorist_killed', 'crash_number_of_motorist_killed', '"integer"', NULL, '1571845');
INSERT INTO metastore.pipeline_node_schema (id, column_name, column_alias, data_type, sql_expression, fk_pipeline_node_id) VALUES ('1571864', 'crash.contributing_factor_vehicle_1', 'crash_contributing_factor_vehicle_1', '"string"', NULL, '1571845');
INSERT INTO metastore.pipeline_node_schema (id, column_name, column_alias, data_type, sql_expression, fk_pipeline_node_id) VALUES ('1571865', 'crash.contributing_factor_vehicle_2', 'crash_contributing_factor_vehicle_2', '"string"', NULL, '1571845');
INSERT INTO metastore.pipeline_node_schema (id, column_name, column_alias, data_type, sql_expression, fk_pipeline_node_id) VALUES ('1571866', 'crash.contributing_factor_vehicle_3', 'crash_contributing_factor_vehicle_3', '"string"', NULL, '1571845');
INSERT INTO metastore.pipeline_node_schema (id, column_name, column_alias, data_type, sql_expression, fk_pipeline_node_id) VALUES ('1571867', 'crash.contributing_factor_vehicle_4', 'crash_contributing_factor_vehicle_4', '"string"', NULL, '1571845');
INSERT INTO metastore.pipeline_node_schema (id, column_name, column_alias, data_type, sql_expression, fk_pipeline_node_id) VALUES ('1571868', 'crash.contributing_factor_vehicle_5', 'crash_contributing_factor_vehicle_5', '"string"', NULL, '1571845');
INSERT INTO metastore.pipeline_node_schema (id, column_name, column_alias, data_type, sql_expression, fk_pipeline_node_id) VALUES ('1571869', 'crash.collision_id', 'crash_collision_id', '"integer"', NULL, '1571845');
INSERT INTO metastore.pipeline_node_schema (id, column_name, column_alias, data_type, sql_expression, fk_pipeline_node_id) VALUES ('1571870', 'crash.vehicle_type_code_1', 'crash_vehicle_type_code_1', '"string"', NULL, '1571845');
INSERT INTO metastore.pipeline_node_schema (id, column_name, column_alias, data_type, sql_expression, fk_pipeline_node_id) VALUES ('1571871', 'crash.vehicle_type_code_2', 'crash_vehicle_type_code_2', '"string"', NULL, '1571845');
INSERT INTO metastore.pipeline_node_schema (id, column_name, column_alias, data_type, sql_expression, fk_pipeline_node_id) VALUES ('1571872', 'crash.vehicle_type_code_3', 'crash_vehicle_type_code_3', '"string"', NULL, '1571845');
INSERT INTO metastore.pipeline_node_schema (id, column_name, column_alias, data_type, sql_expression, fk_pipeline_node_id) VALUES ('1571873', 'crash.vehicle_type_code_4', 'crash_vehicle_type_code_4', '"string"', NULL, '1571845');
INSERT INTO metastore.pipeline_node_schema (id, column_name, column_alias, data_type, sql_expression, fk_pipeline_node_id) VALUES ('1571874', 'crash.vehicle_type_code_5', 'crash_vehicle_type_code_5', '"string"', NULL, '1571845');
INSERT INTO metastore.pipeline_node_schema (id, column_name, column_alias, data_type, sql_expression, fk_pipeline_node_id) VALUES ('1571875', 'crash.foo', 'crash_foo', '"string"', NULL, '1571845');
INSERT INTO metastore.pipeline_node_schema (id, column_name, column_alias, data_type, sql_expression, fk_pipeline_node_id) VALUES ('1571876', 'vehicle.unique_id', 'vehicle_unique_id', '"integer"', NULL, '1571845');
INSERT INTO metastore.pipeline_node_schema (id, column_name, column_alias, data_type, sql_expression, fk_pipeline_node_id) VALUES ('1571877', 'vehicle.collision_id', 'vehicle_collision_id', '"integer"', NULL, '1571845');
INSERT INTO metastore.pipeline_node_schema (id, column_name, column_alias, data_type, sql_expression, fk_pipeline_node_id) VALUES ('1571878', 'vehicle.crash_date', 'vehicle_crash_date', '"date"', NULL, '1571845');
INSERT INTO metastore.pipeline_node_schema (id, column_name, column_alias, data_type, sql_expression, fk_pipeline_node_id) VALUES ('1571879', 'vehicle.crash_time', 'vehicle_crash_time', '"timestamp"', NULL, '1571845');
INSERT INTO metastore.pipeline_node_schema (id, column_name, column_alias, data_type, sql_expression, fk_pipeline_node_id) VALUES ('1571880', 'vehicle.vehicle_id', 'vehicle_vehicle_id', '"string"', NULL, '1571845');
INSERT INTO metastore.pipeline_node_schema (id, column_name, column_alias, data_type, sql_expression, fk_pipeline_node_id) VALUES ('1571881', 'vehicle.state_registration', 'vehicle_state_registration', '"string"', NULL, '1571845');
INSERT INTO metastore.pipeline_node_schema (id, column_name, column_alias, data_type, sql_expression, fk_pipeline_node_id) VALUES ('1571882', 'vehicle.vehicle_type', 'vehicle_vehicle_type', '"string"', NULL, '1571845');
INSERT INTO metastore.pipeline_node_schema (id, column_name, column_alias, data_type, sql_expression, fk_pipeline_node_id) VALUES ('1571883', 'vehicle.contributing_factor_1', 'vehicle_contributing_factor_1', '"string"', NULL, '1571845');
INSERT INTO metastore.pipeline_node_schema (id, column_name, column_alias, data_type, sql_expression, fk_pipeline_node_id) VALUES ('1571884', 'vehicle.vehicle_make', 'vehicle_vehicle_make', '"string"', NULL, '1571845');
INSERT INTO metastore.pipeline_node_schema (id, column_name, column_alias, data_type, sql_expression, fk_pipeline_node_id) VALUES ('1571885', 'vehicle.vehicle_year', 'vehicle_vehicle_year', '"integer"', NULL, '1571845');
INSERT INTO metastore.pipeline_node_schema (id, column_name, column_alias, data_type, sql_expression, fk_pipeline_node_id) VALUES ('1571886', 'vehicle.travel_direction', 'vehicle_travel_direction', '"string"', NULL, '1571845');
INSERT INTO metastore.pipeline_node_schema (id, column_name, column_alias, data_type, sql_expression, fk_pipeline_node_id) VALUES ('1571887', 'vehicle.vehicle_occupants', 'vehicle_vehicle_occupants', '"integer"', NULL, '1571845');
INSERT INTO metastore.pipeline_node_schema (id, column_name, column_alias, data_type, sql_expression, fk_pipeline_node_id) VALUES ('1571888', 'vehicle.driver_sex', 'vehicle_driver_sex', '"string"', NULL, '1571845');
INSERT INTO metastore.pipeline_node_schema (id, column_name, column_alias, data_type, sql_expression, fk_pipeline_node_id) VALUES ('1571889', 'vehicle.driver_license_status', 'vehicle_driver_license_status', '"string"', NULL, '1571845');
INSERT INTO metastore.pipeline_node_schema (id, column_name, column_alias, data_type, sql_expression, fk_pipeline_node_id) VALUES ('1571890', 'vehicle.driver_license_jurisdiction', 'vehicle_driver_license_jurisdiction', '"string"', NULL, '1571845');
INSERT INTO metastore.pipeline_node_schema (id, column_name, column_alias, data_type, sql_expression, fk_pipeline_node_id) VALUES ('1571891', 'vehicle.pre_crash', 'vehicle_pre_crash', '"string"', NULL, '1571845');
INSERT INTO metastore.pipeline_node_schema (id, column_name, column_alias, data_type, sql_expression, fk_pipeline_node_id) VALUES ('1571892', 'vehicle.point_of_impact', 'vehicle_point_of_impact', '"string"', NULL, '1571845');
INSERT INTO metastore.pipeline_node_schema (id, column_name, column_alias, data_type, sql_expression, fk_pipeline_node_id) VALUES ('1571893', 'vehicle.vehicle_damage', 'vehicle_vehicle_damage', '"string"', NULL, '1571845');
INSERT INTO metastore.pipeline_node_schema (id, column_name, column_alias, data_type, sql_expression, fk_pipeline_node_id) VALUES ('1571894', 'vehicle.public_property_damage', 'vehicle_public_property_damage', '"string"', NULL, '1571845');
INSERT INTO metastore.pipeline_node_schema (id, column_name, column_alias, data_type, sql_expression, fk_pipeline_node_id) VALUES ('1571895', 'vehicle.contributing_factor_2', 'vehicle_contributing_factor_2', '"string"', NULL, '1571845');
INSERT INTO metastore.pipeline_node_schema (id, column_name, column_alias, data_type, sql_expression, fk_pipeline_node_id) VALUES ('1571896', 'vehicle.vehicle_damage_1', 'vehicle_vehicle_damage_1', '"string"', NULL, '1571845');
INSERT INTO metastore.pipeline_node_schema (id, column_name, column_alias, data_type, sql_expression, fk_pipeline_node_id) VALUES ('1571897', 'vehicle.vehicle_damage_2', 'vehicle_vehicle_damage_2', '"string"', NULL, '1571845');
INSERT INTO metastore.pipeline_node_schema (id, column_name, column_alias, data_type, sql_expression, fk_pipeline_node_id) VALUES ('1571898', 'vehicle.vehicle_damage_3', 'vehicle_vehicle_damage_3', '"string"', NULL, '1571845');
INSERT INTO metastore.pipeline_node_schema (id, column_name, column_alias, data_type, sql_expression, fk_pipeline_node_id) VALUES ('1571899', 'vehicle.vehicle_model', 'vehicle_vehicle_model', '"string"', NULL, '1571845');
INSERT INTO metastore.pipeline_node_schema (id, column_name, column_alias, data_type, sql_expression, fk_pipeline_node_id) VALUES ('1571900', 'vehicle.public_property_damage_type', 'vehicle_public_property_damage_type', '"string"', NULL, '1571845');
INSERT INTO metastore.pipeline_node_schema (id, column_name, column_alias, data_type, sql_expression, fk_pipeline_node_id) VALUES ('1571907', 'start', NULL, 'timestamp', NULL, '1571901');
INSERT INTO metastore.pipeline_node_schema (id, column_name, column_alias, data_type, sql_expression, fk_pipeline_node_id) VALUES ('1571908', 'end', NULL, 'timestamp', NULL, '1571901');
INSERT INTO metastore.pipeline_node_schema (id, column_name, column_alias, data_type, sql_expression, fk_pipeline_node_id) VALUES ('1571909', 'records', NULL, 'long', NULL, '1571901');
INSERT INTO metastore.pipeline_node_schema (id, column_name, column_alias, data_type, sql_expression, fk_pipeline_node_id) VALUES ('1579111', 'name', NULL, 'string', NULL, '1579110');
INSERT INTO metastore.pipeline_node_schema (id, column_name, column_alias, data_type, sql_expression, fk_pipeline_node_id) VALUES ('1579112', 'datetime', NULL, 'timestamp', NULL, '1579110');
INSERT INTO metastore.pipeline_node_schema (id, column_name, column_alias, data_type, sql_expression, fk_pipeline_node_id) VALUES ('1579113', 'temp', NULL, 'decimal(38,18)', NULL, '1579110');
INSERT INTO metastore.pipeline_node_schema (id, column_name, column_alias, data_type, sql_expression, fk_pipeline_node_id) VALUES ('1579114', 'feelslike', NULL, 'decimal(38,18)', NULL, '1579110');
INSERT INTO metastore.pipeline_node_schema (id, column_name, column_alias, data_type, sql_expression, fk_pipeline_node_id) VALUES ('1579115', 'dew', NULL, 'decimal(38,18)', NULL, '1579110');
INSERT INTO metastore.pipeline_node_schema (id, column_name, column_alias, data_type, sql_expression, fk_pipeline_node_id) VALUES ('1579116', 'humidity', NULL, 'decimal(38,18)', NULL, '1579110');
INSERT INTO metastore.pipeline_node_schema (id, column_name, column_alias, data_type, sql_expression, fk_pipeline_node_id) VALUES ('1579117', 'precip', NULL, 'decimal(38,18)', NULL, '1579110');
INSERT INTO metastore.pipeline_node_schema (id, column_name, column_alias, data_type, sql_expression, fk_pipeline_node_id) VALUES ('1579118', 'precipprob', NULL, 'decimal(38,18)', NULL, '1579110');
INSERT INTO metastore.pipeline_node_schema (id, column_name, column_alias, data_type, sql_expression, fk_pipeline_node_id) VALUES ('1579119', 'preciptype', NULL, 'string', NULL, '1579110');
INSERT INTO metastore.pipeline_node_schema (id, column_name, column_alias, data_type, sql_expression, fk_pipeline_node_id) VALUES ('1579120', 'snow', NULL, 'decimal(38,18)', NULL, '1579110');
INSERT INTO metastore.pipeline_node_schema (id, column_name, column_alias, data_type, sql_expression, fk_pipeline_node_id) VALUES ('1579121', 'snowdepth', NULL, 'decimal(38,18)', NULL, '1579110');
INSERT INTO metastore.pipeline_node_schema (id, column_name, column_alias, data_type, sql_expression, fk_pipeline_node_id) VALUES ('1579122', 'windgust', NULL, 'decimal(38,18)', NULL, '1579110');
INSERT INTO metastore.pipeline_node_schema (id, column_name, column_alias, data_type, sql_expression, fk_pipeline_node_id) VALUES ('1579123', 'windspeed', NULL, 'decimal(38,18)', NULL, '1579110');
INSERT INTO metastore.pipeline_node_schema (id, column_name, column_alias, data_type, sql_expression, fk_pipeline_node_id) VALUES ('1579124', 'winddir', NULL, 'decimal(38,18)', NULL, '1579110');
INSERT INTO metastore.pipeline_node_schema (id, column_name, column_alias, data_type, sql_expression, fk_pipeline_node_id) VALUES ('1579125', 'sealevelpressure', NULL, 'decimal(38,18)', NULL, '1579110');
INSERT INTO metastore.pipeline_node_schema (id, column_name, column_alias, data_type, sql_expression, fk_pipeline_node_id) VALUES ('1579126', 'cloudcover', NULL, 'decimal(38,18)', NULL, '1579110');
INSERT INTO metastore.pipeline_node_schema (id, column_name, column_alias, data_type, sql_expression, fk_pipeline_node_id) VALUES ('1579127', 'visibility', NULL, 'decimal(38,18)', NULL, '1579110');
INSERT INTO metastore.pipeline_node_schema (id, column_name, column_alias, data_type, sql_expression, fk_pipeline_node_id) VALUES ('1579128', 'solarradiation', NULL, 'decimal(38,18)', NULL, '1579110');
INSERT INTO metastore.pipeline_node_schema (id, column_name, column_alias, data_type, sql_expression, fk_pipeline_node_id) VALUES ('1579129', 'solarenergy', NULL, 'decimal(38,18)', NULL, '1579110');
INSERT INTO metastore.pipeline_node_schema (id, column_name, column_alias, data_type, sql_expression, fk_pipeline_node_id) VALUES ('1579130', 'uvindex', NULL, 'int', NULL, '1579110');
INSERT INTO metastore.pipeline_node_schema (id, column_name, column_alias, data_type, sql_expression, fk_pipeline_node_id) VALUES ('1579131', 'severerisk', NULL, 'int', NULL, '1579110');
INSERT INTO metastore.pipeline_node_schema (id, column_name, column_alias, data_type, sql_expression, fk_pipeline_node_id) VALUES ('1579132', 'conditions', NULL, 'string', NULL, '1579110');
INSERT INTO metastore.pipeline_node_schema (id, column_name, column_alias, data_type, sql_expression, fk_pipeline_node_id) VALUES ('1579133', 'icon', NULL, 'string', NULL, '1579110');
INSERT INTO metastore.pipeline_node_schema (id, column_name, column_alias, data_type, sql_expression, fk_pipeline_node_id) VALUES ('1579134', 'stations', NULL, 'string', NULL, '1579110');
INSERT INTO metastore.pipeline_projection (id, filter_expression, windows_spec, order_by) VALUES ('1579110', NULL, NULL, NULL);
INSERT INTO metastore.pipeline_sink (id, sink_type) VALUES ('1571901', 'FILE');
INSERT INTO metastore.pipeline_coordinates (id, coordinates, fk_pipeline_relation_id) VALUES ('d4780c6f-e9de-4aa3-b53d-ddc8cfdaf378', '{"positions":[{"name":"vehicle","type":"SQLTable","xCord":"105px","yCord":"164px","isExpand":null},{"name":"join_5","type":"Join","xCord":"450px","yCord":"89px","isExpand":null},{"name":"crash","type":"SQLTable","xCord":"106px","yCord":"39px","isExpand":null},{"name":"jdbcsink_0","type":"FileSink","xCord":"625px","yCord":"88px","isExpand":null}],"connections":[{"source":"crash","target":"join_5","targetType":0},{"source":"vehicle","target":"join_5","targetType":0},{"source":"join_5","target":"jdbcsink_0","targetType":1}]}', '1570621');
INSERT INTO metastore.pipeline_coordinates (id, coordinates, fk_pipeline_relation_id) VALUES ('abfa143a-9dd7-4e57-9819-9fcb687942dc', '{"positions":[{"name":"ny_weather_nyc_weather","type":"DataSource","xCord":"123px","yCord":"55px","isExpand":true},{"name":"projection_0","type":"Projection","xCord":"525px","yCord":"36px","isExpand":null}],"connections":[{"source":"ny_weather_nyc_weather","target":"projection_0","targetType":0}]}', '1579084');